Date,district_EN,subdistrict_EN,subdistrict_ZH,street_EN,street_ZH,building_name_EN,building_name_ZH,property_type_EN,property_type_ZH,floor_ZH,unit_ZH,site_area_EN,existing_gfa_breakdown,existing_gfa_total,txn_amt, unit_rate_1 ,potential_gfa,av,planning_use_ZH,photo_name,vendor_ZH,buyer_ZH,remark,link,Column1,_longitude_lands,_latitude_lands,_easting_lands,_northing_lands,longitude_lands,latitude_lands,easting_lands,northing_lands
31/12/2021,HK,SKW,筲箕灣,8 A Kung Ngam Village Road,阿公岩村道8號,Elegance Printing Centre,精雅印刷集團大廈,Industrial Building,工業大廈,全幢,,,"69,680",69680,500,"7,175.66",NA,NA,其他指定用途,akungngamvillageroad8.jpg,MR TANG,STRG PROPCO C LIMITED,,https://www.hk01.com/%E5%9C%B0%E7%94%A2%E6%A8%93%E5%B8%82/696973/%E9%84%A7%E6%88%90%E6%B3%A2%E7%AD%B2%E7%AE%95%E7%81%A3%E5%85%A8%E5%B9%A2%E5%B7%A5%E5%BB%88%E7%8D%B25%E5%84%84%E6%B4%BD%E8%B3%BC-%E6%B6%88%E6%81%AF%E6%8C%87%E4%BA%A4%E6%98%93%E6%9A%AB%E6%9C%AA%E8%90%BD%E5%AF%A6,,114.2324,22.2815,841990.3,815848.2,114.2324,22.2815,841990.3,815848.2
8/1/2019,HK,ABD,香港仔,322 Ap Lei Chau Bridge Road,鴨利洲橋道322號,Lei Yee House,利怡樓,Shop,商舖,全幢,,,"46,779",46779,1041,"22,253.58",NA,NA,住宅（甲類）,apleichaubridgeroad322.jpg,無原業主資料,CENTURY WORLD LIMITED,,,,114.1486,22.2447,833353.4,811772.4,114.1486,22.2447,833353.4,811772.4
7/2/2020,HK,CRL,中環,2 Arbuthnot Road,亞畢諾道2號,Ovolo,,Hotel,酒店,全幢,,,"30,949",30949,523,"16,898.77",NA,NA,住宅（甲類）,arbuthnotroad2.jpg,MS LAW,SPEEDY BILLION LIMITED,,,,114.1546,22.2803,833972.4,815714.4,114.1546,22.2803,833972.4,815714.4
9/3/2018,HK,CRL,中環,68 Bonham Road,般咸道68號,Wilton Place,蔚庭軒,Shop,商舖,地下,3,NA,"3,500",3500,105,"30,000.00",NA,NA,住宅（甲類）,bonhamroad68.jpg,MR TING,MEDIEVAL TRADING LIMITED,銀行,,,114.1428,22.2842,832756.5,816146.5,114.1428,22.2842,832756.5,816146.5
14/9/2018,HK,SWA,上環,96 Bonham Strand,文咸東街96號,,,Composite Building,商住大廈,全幢,,,"4000
1600",5600,138,"24,642.86",NA,NA,商業,bonhamstrand96.jpg,MR NG,EVW LIMITED,,https://hk.on.cc/hk/bkn/cnt/finance/20180814/bkn-20180814185957079-0814_00842_001.html,,114.1503,22.2862,833529.4,816367.8,114.1503,22.2862,833529.4,816367.8
11/5/2020,HK,SWA,上環,98 Bonham Strand,文咸東街98號,,,Composite Building,商住大廈,全幢,,,"1500
900",2400,155,"64,583.33",NA,NA,商業,bonhamstrand98.jpg,MS LOK,CERANA LIMITED,,,,114.1503,22.2862,833529.4,816367.8,114.1503,22.2862,833529.4,816367.8
8/12/2021,HK,WCI,灣仔,15 Canal Road West,堅拿道西15號,Wing Tak Mansion,永德大廈,Shop,商舖,地下,"G08,09 ",NA,"1,000",1000,160,"160,000.00",NA,NA,其他指定用途,canalroadwest15.jpg,教協,VITAL LIVING ALLIANCE LIMITED,餐廳,,,114.1808,22.278,836672.6,815459.6,114.1808,22.278,836672.6,815459.6
27/9/2019,HK,WES,西環,47 Catchick Street,吉席街47號,Kuk Fung Building,吉豐大廈,Composite Building,商住大廈,全幢,,5294,NA,NA,665, NA ,"49,446",13449.02,住宅（甲類）,catchickstreet47.jpg,Mr YEUNG,Mr YEUNG,,https://ps.hket.com/article/1981213,,114.1276,22.2831,831190,816025.2,114.1276,22.2831,831190,816025.2
30/3/2021,HK,WES,西環,93-95 Catchick Street,吉席街93-95號,,,CAP545,強拍,全幢,,"2,182",,,190,,"19,600",9694,住宅（甲類）,catchickstreet93-95.jpg,無原業主資料,永義國際,強拍，地積比率約9倍,https://ps.hket.com/article/2897107,,114.1269,22.2832,831117.8,816036.3,114.1269,22.2832,831117.8,816036.3
27/9/2019,HK,CWA,柴灣,341-343A Chai Wan Road,柴灣道341-343（A）號,Tak Hay House,德禧樓,Shop,商舖,地下,1,NA,"4,600",4600,120,"26,086.96",NA,NA,住宅（甲類）,chaiwanroad341-343a.jpg,無原業主資料,Mr EDWIN LEONG SIU HUNG,,,,114.2399,22.2641,842764.1,813921.7,114.2399,22.2641,842764.1,813921.7
10/11/2020,HK,WES,西環,92 Connaught Road West,干諾道西92號,,,Shop,商舖,地下,全層,NA,"1,400",1400,65,"46,428.57",NA,NA,商業,connaughtroadwest92.jpg,FLOURISH DAY GROUP LIMITED,GRAND CONNAUGHT COMPANY LIMITED,,https://ps.hket.com/article/2868870,,114.1455,22.2882,833034.8,816589.4,114.1455,22.2882,833034.8,816589.4
10/11/2020,HK,WES,西環,94-95 Connaught Road West,干諾道西94-95號,,,Hotel,酒店,全幢,,,"37,939",37939,173.21,"4,565.49",NA,NA,商業,connaughtroadwest94-95.jpg,Mr EDWIN LEONG SIU HUNG,GRAND CONNAUGHT COMPANY LIMITED,,https://ps.hket.com/article/2868870,,114.1453,22.2882,833014.2,816589.4,114.1453,22.2882,833014.2,816589.4
17/6/2020,HK,WES,西環,99-103A Connaught Road West,干諾道西99-103A號,,,Composite Building,商住大廈,全幢,,"5,000",NA,NA,1849.7, NA ,"75,000","24,662.67",商業,connaughtroadwest99-103a.jpg,SWIFT CHINA LIMITED,SWIFT CHINA LIMITED,,https://hk.on.cc/hk/bkn/cnt/finance/20220329/bkn-20220329152427175-0329_00842_001.html,,114.1452,22.2883,833003.9,816600.5,114.1452,22.2883,833003.9,816600.5
16/11/2021,HK,CRL,中環,17-19 D'Aguilar Street,德己立街17-19號,Tak Woo House,德和大廈,Shop,商舖,地下,"1,1A",NA,"1,500",1500,183,"122,000.00",NA,NA,商業 (4),daguilarstreet17-19.jpg,LAI WING TO,SUNSHINE PROSPECT LIMITED,餐廳,https://ps.hket.com/article/3108655,,114.1555,22.2813,834065.2,815825.2,114.1555,22.2813,834065.2,815825.2
27/4/2022,HK,CRL,中環,2-12 D'Aguilar Street,德己立街2-12號,Yip Fung Building,業豐大廈,Shop,商舖,"地下
入則閣","NO.6
NO.2-6",NA,"700
4500",5200,165,"31,730.77",NA,NA,商業,daguilarstreet2-12.jpg,MR YEUNG,D'AGUILAR INVESTMENTS LIMITED,,https://www.hk01.com/%E5%9C%B0%E7%94%A2%E6%A8%93%E5%B8%82/763938/%E4%BD%8F%E5%A5%BD%E5%95%B2-%E5%89%B5%E8%BE%A6%E4%BA%BA%E6%A5%8A%E5%BF%97%E8%B6%851-65%E5%84%84%E8%B2%B7%E4%B8%AD%E7%92%B0%E5%BE%B7%E5%B7%B1%E7%AB%8B%E8%A1%97%E8%88%96,,114.1561,22.2814,834127.1,815836.2,114.1561,22.2814,834127.1,815836.2
25/11/2019,HK,CRL,中環,27-39 D'Aguilar Street,德己立街27-39號,Winner Building Block A,榮華大廈A座,Shop,商舖,地下,C,NA,"1,200",1200,184.56,"153,800.00",NA,NA,商業（4）,daguilarstreet27-39.jpg,MS LEE,MS LEE,,,,114.1552,22.2809,834034.3,815780.9,114.1552,22.2809,834034.3,815780.9
22/11/2021,HK,WES,西環,11-29 Davis Street,爹核士街11-29號,On Fat Building,安發大廈,Shop,商舖,"地下
一樓
平台",全層,NA,"7,365
4,071
1,271",12707,392,"30,839.14",NA,NA,住宅（甲類）,davisstreet11-29.jpg,WILLIAM LAU,HENLORD LIMITED,,,,114.1268,22.2818,831107.5,815881.2,114.1268,22.2818,831107.5,815881.2
4/11/2021,HK,WES,西環,1B-1E Davis Street,爹核士街1B-1E號,Grand Fortune Mansion,裕福大廈,Composite Building,商住大廈,全幢,,NA,"2,100",2100,463.88,"220,895.24",NA,NA,住宅（甲類）,davisstreet1b-1e.jpg,Mr CHAN,SUCCESS MARK INVESTMENTS LIMITED,,https://www.hk01.com/%E5%9C%B0%E7%94%A2%E6%A8%93%E5%B8%82/593192/%E8%88%8A%E6%A8%93%E5%BC%B7%E6%8B%8D-%E6%B0%B8%E7%BE%A9%E5%9C%8B%E9%9A%9B%E5%BA%95%E5%83%B91-9%E5%84%84%E7%B5%B1%E4%B8%80%E5%A0%85%E5%B0%BC%E5%9C%B0%E5%9F%8E%E5%90%89%E5%B8%AD%E8%A1%97%E8%88%8A%E6%A8%93,,114.1268,22.2836,831107.6,816080.5,114.1268,22.2836,831107.6,816080.5
4/11/2021,HK,WES,西環,1B-1E Davis Street,爹核士街1B-1E號,Grand Fortune Mansion,裕福大廈,Composite Building,商住大廈,全幢,,NA,"6,170",6170,319,"51,701.78",NA,NA,住宅（甲類）,davisstreet1b-1e.jpg,Mr CHAN,SUCCESS MARK INVESTMENTS LIMITED,,https://www.hk01.com/%E5%9C%B0%E7%94%A2%E6%A8%93%E5%B8%82/593192/%E8%88%8A%E6%A8%93%E5%BC%B7%E6%8B%8D-%E6%B0%B8%E7%BE%A9%E5%9C%8B%E9%9A%9B%E5%BA%95%E5%83%B91-9%E5%84%84%E7%B5%B1%E4%B8%80%E5%A0%85%E5%B0%BC%E5%9C%B0%E5%9F%8E%E5%90%89%E5%B8%AD%E8%A1%97%E8%88%8A%E6%A8%93,,114.1268,22.2836,831107.6,816080.5,114.1268,22.2836,831107.6,816080.5
18/7/2019,HK,WES,西環,1E Davis Street,爹核士街1E號,Grand Fortune Mansion,裕福大廈,Shop,商舖,全幢,,NA,"1,100",1100,140,"127,272.73",NA,NA,住宅（甲類）,davisstreet1e.jpg,MR LEE,EXTRA GLORY LIMITED,,,,114.1268,22.2833,831107.5,816047.3,114.1268,22.2833,831107.5,816047.3
24/4/2018,HK,WES,西環,24-26A Davis Street,爹核士街24-26A號,Wing Shing Building,永勝樓,Composite Building,商住大廈,全幢,,2517,NA,NA,125, NA ,"21,000",5952.38,住宅（甲類）,davisstreet24-26a.jpg,MS TSANG,FAME MASTER LIMITED,,https://finance.mingpao.com/fin/dailyp/20180425/1524597458976/%E8%8B%B1%E7%9A%872-5%E5%84%84%E6%94%B6%E8%B3%BC%E7%88%B9%E6%A0%B8%E5%A3%AB%E8%A1%97%E5%94%90%E6%A8%93,,114.1269,22.2818,831117.8,815881.2,114.1269,22.2818,831117.8,815881.2
1/9/2021,HK,CRL,中環,113 Des Voeux Road Central ,德輔道中113號,Far East Consortium Building,遠東發展大廈,Shop,商舖,地下,全層,NA,"1,161",1161,115,"99,052.54",NA,NA,商業,desvoeuxroadcentral113.jpg,CHU KAM TING,CINEMA DEVELOPMENT COMPANY LTD,,https://www.midlandici.com.hk/ics/property/article/detail/32790,,114.1555,22.2851,834065.3,816246,114.1555,22.2851,834065.3,816246
9/3/2022,HK,CRL,中環,141 Des Voeux Road Central,德輔道中141號,China Insurance Group Building,中保集團大廈,Shop,商舖,地下,B,NA,"3,805",3805,208,"54,664.91",NA,NA,商業,desvoeuxroadcentral141.jpg,MS HUI,Y & K HOLDING COMPANY LIMITED,,https://news.mingpao.com/pns/%E7%B6%93%E6%BF%9F/article/20220304/s00004/1646330951650/%E4%B8%AD%E4%BF%A1%E9%80%BE2%E5%84%84%E6%B2%BD%E5%BE%B7%E8%BC%94%E9%81%93%E4%B8%AD%E8%88%96-%E6%8C%81%E8%B2%A837%E5%B9%B4%E5%B8%B3%E9%9D%A2%E7%8D%B2%E5%88%A91-7%E5%84%84,,114.155,22.2854,834013.8,816279.2,114.155,22.2854,834013.8,816279.2
15/6/2018,HK,CRL,中環,212-214 Des Voeux Road Central,德輔道中212-214號,Des Voeux Commercial Centre,德輔商業中心,Shop,商舖,全幢,,NA,"15,000",15000,350,"23,333.33",NA,NA,商業,desvoeuxroadcentral212-214.jpg,MRS FUNG,HIGH GLORY DEVELOPMENT LIMITED,,http://www1.hkej.com/dailynews/articlePrint/id/1867928,,114.153,22.2861,833807.7,816356.7,114.153,22.2861,833807.7,816356.7
17/11/2021,HK,CRL,中環,25-27A Des Voeux Road Central,德輔道中25-27A號,On Lok Yuen Building,安樂園大廈,Shop,商舖,"地下
入則閣",全層,NA,"1,330
1,387",2717,195,"71,770.33",NA,NA,商業,desvoeuxroadcentral25-27a.jpg,MR TANG,PLY INVESTMENTS LIMITED,,https://www.hk01.com/%E5%9C%B0%E7%94%A2%E6%A8%93%E5%B8%82/701926/%E4%B8%AD%E7%92%B0%E5%BE%B7%E8%BC%94%E9%81%93%E4%B8%AD%E5%9C%B0%E8%88%961-95%E5%84%84%E6%B2%BD-%E5%98%89%E9%A0%93%E5%AE%B6%E6%97%8F%E6%88%90%E5%93%A1%E6%89%BF%E6%8E%A5,,114.1573,22.2828,834250.7,815991.2,114.1573,22.2828,834250.7,815991.2
11/6/2020,HK,WES,西環,326-332 Des Voeux Road West,德輔道西326-332號,On Hing Building,安慶樓,CAP545,強拍,全幢,,6172,,,700,,53700,13035,住宅（甲類）,desvoeuxroadwest326-332.jpg,無原業主資料,大鴻輝 (SUPREME PROFILE LIMITED),強拍，地積比率約8.7倍,https://ps.hket.com/article/2648235,,114.1387,22.2875,832334,816512.1,114.1387,22.2875,832334,816512.1
7/1/2022,HK,WES,西環,442 Des Voeux Road West,德輔道西442號,Mei Sun Lau,美新樓,Shop,商舖,"地下
一樓
二樓
平台","A1-13, B1-8

A4
",NA,"8,061
7,500
366
3,600",19527,154.8,"7,927.49",NA,NA,住宅（甲類）,desvoeuxroadwest442.jpg,MR SO ,TAKE TALENT LIMITED,,,,114.1338,22.2868,831829,816434.7,114.1338,22.2868,831829,816434.7
5/11/2020,HK,WES,西環,80-92 Des Voeux Road West,德輔道西80-92號,Princeton Tower,普頓臺,Shop,商舖,地下,1,NA,"5,257",5257,108,"20,544.04",NA,NA,商業,desvoeuxroadwest80-92.jpg,KU'S INVESTMENT COMPANY LIMITED,DIGNITY ENTERPRISES LIMITED,,,,114.146,22.2875,833086.3,816511.9,114.146,22.2875,833086.3,816511.9
13/8/2020,HK,WES,西環,99 Des Voeux Road West,德輔道西99-101號,,,CAP545,強拍,全幢,,2103,"1,000",1000,302,,31545,9574,商業,desvoeuxroadwest99.jpg,無原業主資料,大鴻輝 (GRAND CONNAUGHT COMPANY LIMITED),強拍,https://ps.hket.com/article/2707962,,114.1451,22.2879,832993.6,816556.2,114.1451,22.2879,832993.6,816556.2
2/7/2021,HK,CRL,中環,24 Elgin Street,伊利近街24號,,,Composite Building,商住大廈,全幢,,NA,"2,872",2872,100,"34,818.94",NA,NA,住宅（甲類）(12),elginstreet24.jpg,Miss KAM / SUEN / LING,THE SINGING MACHINE COMPANY LIMITED,,https://www2.hkej.com/property/article/id/2505338/%E4%B8%AD%E7%92%B0%E4%BC%8A%E5%88%A9%E8%BF%91%E8%A1%97%E5%85%A8%E5%B9%A2%E7%89%A9%E6%A5%AD%E6%94%BE%E5%94%AE,,114.1524,22.2818,833745.7,815880.6,114.1524,22.2818,833745.7,815880.6
2/12/2019,HK,CRL,中環,41 Elgin Street,伊利近街41號,Elgin Building,伊利樓,Shop,商舖,"地下
入則閣",B,NA,"2000
1300",3300,137.3,"41,606.06",NA,NA,住宅（甲類）,elginstreet41.jpg,MS JOSEPHINE CHUN,JUMBO HONEST LIMITED,,https://ps.hket.com/article/2510776,,114.1524,22.2817,833745.7,815869.5,114.1524,22.2817,833745.7,815869.5
28/11/2018,HK,CRL,中環,43 Elgin Street,伊利近街43號,Elgin Building,伊利樓,Shop,商舖,地下,A,NA,"1,600",1600,105,"65,625.00",NA,NA,住宅（甲類）,elginstreet43.jpg,MR WONG,JUMBO HONEST LIMITED,,,,114.1524,22.2817,833745.7,815869.5,114.1524,22.2817,833745.7,815869.5
10/11/2021,HK,WES,西環,8 First Street,第一街8號,Island Crest,縉城峰,Shop,商舖,"地下
一樓
二樓",全層,NA,"5,182
3,041
7,668",15891,350,"22,025.05",NA,NA,住宅（甲類）(22),firststreet8.jpg,MS KIMMY LAU,GREAT PACIFIC DEVELOPMENT LIMITED,,,,114.1429,22.2864,832766.8,816390.1,114.1429,22.2864,832766.8,816390.1
12/8/2020,HK,CRL,中環,16 Gage Street,結志街16號,,,Composite Building,商住大廈,全幢,,NA,"1,200",1200,332,"276,666.67",NA,NA,住宅（甲類）（9）,gagestreet16.jpg,無原業主資料,FAVOUR DAY LIMITED,,,,114.1535,22.2831,833859.1,816024.5,114.1535,22.2831,833859.1,816024.5
19/10/2021,HK,CRL,中環,5 Glenealy,己連拿利5號,,,Composite Building,商住大廈,全幢,,NA,"2,000",2000,574.56,"287,280.00",NA,NA,住宅（甲類）,glenealy5.jpg,WHITE PACIFIC LIMITED,MILLION BASE PROPERTIES LIMITED,,https://www.hk01.com/%E5%9C%B0%E7%94%A2%E6%A8%93%E5%B8%82/677790/%E8%8F%AF%E6%87%8B%E5%85%A9%E4%BD%8F%E5%AE%85%E7%9B%A4%E7%8D%B2%E6%89%B9%E5%9C%96%E5%89%87-%E7%9B%88%E5%A4%A7%E5%B7%B1%E9%80%A3%E6%8B%BF%E5%88%A9%E5%9C%B0%E7%9B%A4%E5%87%86%E5%BB%BA30%E5%B1%A4%E5%95%86%E4%BD%8F%E6%A8%93,,114.1551,22.2796,834024,815636.9,114.1551,22.2796,834024,815636.9
19/10/2021,HK,CRL,中環,6 Glenealy,己連拿利6號,,,Composite Building,商住大廈,全幢,,NA,"95,356",95356,392.3,"4,114.06",NA,NA,住宅（甲類）,glenealy6.jpg,無原業主資料,MILLION BASE PROPERTIES LIMITED,,https://www.hk01.com/%E5%9C%B0%E7%94%A2%E6%A8%93%E5%B8%82/677790/%E8%8F%AF%E6%87%8B%E5%85%A9%E4%BD%8F%E5%AE%85%E7%9B%A4%E7%8D%B2%E6%89%B9%E5%9C%96%E5%89%87-%E7%9B%88%E5%A4%A7%E5%B7%B1%E9%80%A3%E6%8B%BF%E5%88%A9%E5%9C%B0%E7%9B%A4%E5%87%86%E5%BB%BA30%E5%B1%A4%E5%95%86%E4%BD%8F%E6%A8%93,,114.155,22.2795,834013.7,815625.8,114.155,22.2795,834013.7,815625.8
21/6/2022,HK,WCI,灣仔,103 Hennessy Road,軒尼詩道103號,Yue Hing Building,越興大廈,Shop,商舖,地下,全層,NA,"2,280",2280,106,"46,491.23",NA,NA,商業,hennessyroad103.jpg,MR WU,RED SUMMIT INTERNATIONAL LIMITED,,,,114.1721,22.2777,835776,815426.4,114.1721,22.2777,835776,815426.4
4/11/2021,HK,CAB,銅鑼灣,470 Hennessy Road,軒尼詩道470號,Kin Tak Fung Commercial Building,建德豐商業大廈,Composite Building,商住大廈,全幢,,NA,"5,800",5800,199,"34,310.34",NA,NA,商業,hennessyroad470.jpg,MR TANG,BANK OF CHINA (HONG KONG) LIMITED,,https://www.hk01.com/%E5%9C%B0%E7%94%A2%E6%A8%93%E5%B8%82/697291/%E4%B8%AD%E9%8A%80%E9%A6%99%E6%B8%AF1-99%E5%84%84%E8%B3%BC%E8%BB%92%E5%B0%BC%E8%A9%A9%E9%81%93%E5%85%A8%E5%B9%A2%E5%95%86%E4%BD%8F%E7%89%A9%E6%A5%AD-%E6%96%99%E8%88%87%E6%AF%97%E9%80%A3%E5%9C%B0%E7%9B%A4%E5%90%88%E4%BD%B5%E9%87%8D%E5%BB%BA,,114.1822,22.2799,836816.9,815670,114.1822,22.2799,836816.9,815670
2/5/2018,HK,ABD,香港仔,2 Heung Yip Road,香葉道2號,One Island South,,Shop,商舖,"地下
一樓
二樓
其他樓層
其他",全層,NA,"15000
15000
15000
30000
30000",105000,754.1,"10,054.67",NA,NA,其他指定用途,heungyiproad2.jpg,無原業主資料,TRISTAR CAPITAL LIMITED,,,,114.169,22.2486,835456.3,812204,114.169,22.2486,835456.3,812204
22/7/2021,HK,ABD,香港仔,28 Heung Yip Road,香葉道28號,Vertical Sq,嘉尚匯,Commercial Building,商業大廈,全幢,,,,,2400,,,,其他指定用途,heungyiproad28.jpg,無原業主資料,VERTICAL SQ LIMITED,內部轉讓,,,114.1656,22.248,835105.8,812137.6,114.1656,22.248,835105.8,812137.6
20/4/2021,HK,CRL,中環,151-155 Hollywood Road,荷里活道151-155號,Centre Hollywood,,Commercial Building,商業大廈,全幢,,NA,"32727
28962",61689,540,"8,753.59",NA,NA,住宅（甲類）（8）,hollywoodroad151-155.jpg,Mr DONALD CHEUNG,HAPPY RAIN LIMITED,,,,114.1506,22.2841,833560.3,816135.3,114.1506,22.2841,833560.3,816135.3
1/8/2019,HK,CRL,中環,15-19 Hollywood Road,荷里活道15-19號,Au'S Building,歐士大廈,Shop,商舖,"低層地下
高層地下
入則閣","A, B
B, C
B, C",NA,"2000
2000
1100",5100,335,"65,686.27",NA,NA,商業,hollywoodroad15-19.jpg,MR AU,LUCKY PHOENIX LIMITED,,https://ps.hket.com/article/2416072,,114.1541,22.282,833920.9,815902.7,114.1541,22.282,833920.9,815902.7
19/7/2021,HK,CRL,中環,35-37 Holywood Road,荷里活道35-37號,C Wisdom Centre,泉威中心,Commercial Building,商業大廈,全幢,,NA,"23,889",23889,432,"18,083.64",NA,NA,住宅（甲類）,holywoodroad35-37.jpg,MS WONG,EASE KING INVESTMENT LIMITED,,https://www.hk01.com/%E5%9C%B0%E7%94%A2%E6%A8%93%E5%B8%82/638195/%E7%99%BE%E6%AD%B2%E4%BA%BA%E7%91%9E4-3%E5%84%84%E6%B2%BD%E4%B8%AD%E7%92%B0%E5%8D%8A%E5%B1%B1%E5%85%A8%E5%B9%A2%E8%BF%B7%E4%BD%A0%E5%95%86%E5%BB%88,,114.1536,22.2822,833869.4,815924.9,114.1536,22.2822,833869.4,815924.9
27/11/2018,HK,WCI,灣仔,216-218 Jaffe Road,謝斐道216-218號,,,Shop,商舖,地下,216-220,NA,"2,850",2850,228,"80,000.00",NA,NA,商業,jafferoad216-218.jpg,MR LAI,DELIGHT LAND INVESTMENTS LIMITED,,https://hk.on.cc/hk/bkn/cnt/finance/20181127/bkn-20181127193033571-1127_00842_001.html,,114.1759,22.2788,836167.6,815548.2,114.1759,22.2788,836167.6,815548.2
8/7/2019,HK,WCI,灣仔,250-274 Jaffe Road,謝斐道250-274號,Tonnochy Towers,杜智臺,Shop,商舖,"地下
一樓
二樓","1-10 (G/F）
1-16 (2/F）",NA,"9886
13260
12540",35686,892,"24,995.80",NA,NA,商業,jafferoad250-274.jpg,KINGDOM POWER DEVELOPMENT LIMITED,VALUE WONDER INVESTMENT LIMITED,,,,114.1772,22.2791,836301.6,815581.4,114.1772,22.2791,836301.6,815581.4
12/10/2018,HK,WCI,灣仔,189-189A Johnston Road,莊士敦道189-189A號,Senior Building,勝意大廈,Commercial Building,商業大廈,全幢,,NA,"9,636",9636,160,"16,604.40",NA,NA,商業,johnstonroad189-189a.jpg,MS WONG,ON HARVEST ENTERPRISES LIMITED,,,,114.1751,22.277,836085.1,815348.9,114.1751,22.277,836085.1,815348.9
10/8/2021,HK,SKW,筲箕灣,17-19 Kam Wa Street,金華街17-19號,,,Site,地盤,全幢,,"1,800",NA,NA,297.81, NA ,"16,500",18049.09,住宅（甲類）,kamwastreet17-19.jpg,MR LAW,LAND GLORY HOLDINGS LIMITED,地積比率約9倍,https://sina.com.hk/news/article/20190222/0/2/4/%E7%AD%B2%E7%AE%95%E7%81%A3%E8%88%8A%E6%A8%934-3%E5%84%84%E6%98%93%E6%89%8B-9802942.html,,114.2298,22.278,841722.5,815460.5,114.2298,22.278,841722.5,815460.5
16/5/2019,HK,WCI,灣仔,35 Kennedy Road,堅尼地道35號,,,Residential Building,住宅大廈,全幢,,1190,NA,NA,463.02, NA ,"24,500",18898.78,住宅（丙類）(6),kennedyroad35.jpg,無原業主資料,BOARD PROFIT LIMITED,,https://ps.hket.com/article/2395664,,114.1722,22.2738,835786.2,814994.5,114.1722,22.2738,835786.2,814994.5
13/4/2018,HK,CAB,銅鑼灣,11 Keswick Street,敬誠街11號,,,Composite Building,商住大廈,全幢,,NA,900,900,163.8,"182,000.00",NA,NA,商業,keswickstreet11.jpg,無原業主資料,UNION LUCK PROPERTIES LIMITED,,https://finance.mingpao.com/fin/dailyp/20180414/1523645731871/%E7%92%B0%E7%90%83%E5%A4%A7%E5%BB%8811%E6%A8%93%E9%80%BE7-3%E5%84%84%E6%B2%BD-%E5%91%8E%E5%83%B94-4%E8%90%AC%E6%96%B0%E9%AB%98,,114.1865,22.2786,837260,815526.1,114.1865,22.2786,837260,815526.1
14/1/2019,HK,QYB,鰂魚涌,1025-1037 King's Road,英皇道1025-1037號,Westlands Gardens,惠安苑,Shop,商舖,地下,G7,NA,"2,150",2150,179,"83,255.81",NA,NA,住宅（甲類）,kingsroad1025-1037.jpg,HENRY CHEUNG,KEENLAND CORPORATE LIMITED,,,,114.2131,22.2856,840001.2,816301.6,114.2131,22.2856,840001.2,816301.6
6/7/2021,HK,QYB,鰂魚涌,1060 King's Road,英皇道1060號,Parkvale,栢蕙苑,Car Park,車位,一樓,64個私家車位，29個電單車位,NA,NA,NA,139.88, NA ,NA,NA,住宅（甲類）,kingsroad1060.jpg,無原業主資料,林子峰先生,,,,114.2133,22.284,840021.9,816124.4,114.2133,22.284,840021.9,816124.4
21/6/2021,HK,QYB,鰂魚涌,1060 King's Road,英皇道1060號,Parkvale,栢蕙苑,Shop,商舖,高層地下,全層,NA,"21,069",21069,260,"12,340.41",NA,NA,住宅（甲類）,kingsroad1060ug.jpg,麥當勞集團,HARBOUR ELITE HOLDINGS LIMITED,,,,114.2133,22.284,840021.9,816124.4,114.2133,22.284,840021.9,816124.4
21/6/2021,HK,QYB,鰂魚涌,1065 King's Road,英皇道1065號,Eastern Centre,東達中心,Shop,商舖,地下,C,NA,"3,325",3325,100.8,"30,315.79",NA,NA,商業,kingsroad1065.jpg,MR TANG,WEALTHY YIELD MANAGEMENT LIMITED,銀行,,,114.2142,22.2849,840114.6,816224.1,114.2142,22.2849,840114.6,816224.1
1/8/2019,HK,NP,北角,277-291 King's Road,英皇道277-291號,State Building,皇都大廈,Shop,商舖,地下,"15, 16, 17",NA,"1,000",1000,188,"188,000.00",NA,NA,商業/住宅,kingsroad277-291.jpg,無原業主資料,Mrs LEUNG,,,,114.1954,22.2906,838177.1,816855,114.1954,22.2906,838177.1,816855
31/1/2019,HK,NP,北角,310 King's Road,英皇道310號,Winner House,雲華大廈,Shop,商舖,"地下
地庫",PORTION,NA,"9700
2900",12600,152.24,"12,082.54",NA,NA,商業/住宅,kingsroad310.jpg,無原業主資料,Mr LEE,銀行,,,114.196,22.29,838238.9,816788.5,114.196,22.29,838238.9,816788.5
11/3/2021,HK,NP,北角,318-328 King's Road,英皇道318-328號,Hang Ying Building,恒英大廈,Office,辦公室,"地下
三樓
四樓",NA,NA,"200
16200
5200",21600,280,"12,962.96",NA,NA,商業/住宅,kingsroad318-328.jpg,無原業主資料,MISS WONG,,,,114.1964,22.2902,838280.1,816810.7,114.1964,22.2902,838280.1,816810.7
2/5/2019,HK,NP,北角,385 King's Road,英皇道385號,,,Composite Building,商住大廈,全幢,,NA,"4,027",4027,242.5,"60,218.52",NA,NA,商業/住宅,kingsroad385.jpg,無原業主資料,Mr LEUNG,,,,114.1984,22.291,838486.2,816899.3,114.1984,22.291,838486.2,816899.3
27/9/2019,HK,NP,北角,400-404 King's Road,英皇道400-404號,Ming Yuen Centre,明苑中心,Shop,商舖,地下,"1, 2",NA,"2,500",2500,156,"62,400.00",NA,NA,商業/住宅,kingsroad400-404.jpg,無原業主資料,Mr EDWIN LEONG SIU HUNG,,,,114.1987,22.2905,838517.1,816843.9,114.1987,22.2905,838517.1,816843.9
19/10/2020,HK,QYB,鰂魚涌,987A King's Road,英皇道987A號,,瑞士樓,Shop,商舖,地下,全層,NA,550,550,100,"181,818.18",NA,NA,住宅（甲類）,kingsroad987a.jpg,Mr Tse,WEALTH FIRST LIMITED,,,,114.2111,22.2863,839795.1,816379.1,114.2111,22.2863,839795.1,816379.1
1/2/2021,HK,CWA,柴灣,18 Lee Chung Street,利眾街18號,,,Industrial Building,工業大廈,全幢,,NA,"68,297",68297,575,"8,419.11",NA,NA,其他指定用途,leechungstreet18.jpg,MR MAK,RAINBOW JADE ENTERPRISES LIMITED,,https://ps.hket.com/article/2402783,,114.2372,22.2658,842485.7,814109.9,114.2372,22.2658,842485.7,814109.9
4/10/2021,HK,CAB,銅鑼灣,33-35 Leighton Road,禮頓道33-35號,First Commercial Building,第一商業大廈,Shop,商舖,地下,全層,NA,"2,500",2500,180,"72,000.00",NA,NA,商業,leightonroad33-35.jpg,MR TANG,TOP GREAT CAPITAL INVESTMENT LIMITED,銀行,https://news.mingpao.com/pns/%E7%B6%93%E6%BF%9F/article/20210924/s00004/1632420898662/%E9%84%A7%E6%88%90%E6%B3%A2%E5%AE%B6%E6%97%8F1-8%E5%84%84%E8%9D%95%E6%B2%BD%E7%A6%AE%E9%A0%93%E9%81%93%E8%88%96,,114.1822,22.2773,836816.9,815382.1,114.1822,22.2773,836816.9,815382.1
25/10/2021,HK,CAB,銅鑼灣,36 Leighton Road,禮頓道36號,H. & S. Building,嘉柏大廈,Shop,商舖,地下,全層,NA,"9,114",9114,574,"62,980.03",NA,NA,住宅（甲類）,leightonroad36.jpg,無原業主資料,CREDENCE PROPERTIES INVESTMENT LIMITED,,https://paper.hket.com/article/3090301/%E9%8A%85%E9%91%BC%E7%81%A3%E5%98%89%E6%9F%8F%E5%81%9C%E8%BB%8A%E5%A0%B4%205.74%E5%84%84%E5%94%AE,,114.1835,22.2775,836950.8,815404.2,114.1835,22.2775,836950.8,815404.2
8/1/2019,HK,ABD,香港仔,5 Lei Tung Estate Road,利東村道5號,Lei Tung Estate,利東邨,Arcade,商場,全幢,,NA,"84,058",84058,1692,"20,128.96",NA,NA,住宅（甲類）,leitungestateroad5.jpg,無原業主資料,GREATER CAPITAL LIMITED,,,,114.1563,22.2419,834147.1,811462.2,114.1563,22.2419,834147.1,811462.2
13/2/2018,HK,WCI,灣仔,20-24 Lockhart Road,駱克道20-24號,Golden Star Building,金星大廈,Shop,商舖,"地下
一樓",2,NA,"2350
3850",6200,160,"25,806.45",NA,NA,商業,lockhartroad20-24.jpg,無原業主資料,TOP TREASURE LIMITED,餐廳,,,114.1699,22.278,835549.2,815459.6,114.1699,22.278,835549.2,815459.6
24/7/2018,HK,WCI,灣仔,205-217 Lockhart Road,駱克道205-217號,Lap Tak Building,立德大廈,Shop,商舖,"地下
一樓
二樓","1A, 1C, 2A",NA,"2500  
7000
7000",16500,250,"15,151.52",NA,NA,商業,lockhartroad205-217.jpg,MR WONG,WEALTH KNIGHT LIMITED,維多利亞酒店,,,114.175,22.2785,836074.8,815515,114.175,22.2785,836074.8,815515
12/3/2018,HK,WCI,灣仔,233-243 Lockhart Road,駱克道233-243號,Sing Kong Building,星港大廈,Shop,商舖,"地下
一樓
二樓
其他樓層
其他",D,NA,"310
5500
5500
5500
5500",22310,168.4,#VALUE!,NA,NA,商業,lockhartroad233-243.jpg,RIGHT BOOST LIMITED,RIGHT BOOST LIMITED,圓美護老之家,,,114.1759,22.2786,836167.6,815526,114.1759,22.2786,836167.6,815526
4/1/2019,HK,WCI,灣仔,353 Lockhart Road,駱克道353號,,,Shop,商舖,一樓,全層,NA,"7,218",7218,350,"48,489.89",NA,NA,商業,lockhartroad353.jpg,無原業主資料,VANTAGE GLORY HOLDINGS LIMITED,,,,114.1788,22.2793,836466.5,815603.5,114.1788,22.2793,836466.5,815603.5
6/2/2018,HK,WCI,灣仔,353 Lockhart Road,駱克道353號,,,Car Park,車位,其他樓層,CARPARK,NA,NA,NA,120, NA ,NA,NA,商業,lockhartroad353cp.jpg,無原業主資料,Mr ALAN HO,,,,114.1789,22.2793,836476.8,815603.5,114.1789,22.2793,836476.8,815603.5
15/10/2021,HK,WCI,灣仔,382 Lockhart Road,駱克道382號,Chuang'S Enterprises Building,莊士企業大廈,Office,辦公室,"其他樓層（5, 7-15, 16-24/F)",全層,NA,"44,829",44829,415,"9,257.40",NA,NA,商業,lockhartroad382.jpg,鄧成波,DRAGON COLOUR GLOBAL LIMITED,,,,114.1798,22.2793,836569.5,815603.5,114.1798,22.2793,836569.5,815603.5
24/7/2018,HK,CAB,銅鑼灣,414-430 Lockhart Road,駱克道414-430號,Wai Tak Building,偉德大廈,Shop,商舖,"地下
一樓
二樓","1A, 1B, 1C",NA,"4300
8600
8600",21500,650,"30,232.56",NA,NA,商業,lockhartroad414-430.jpg,MR WONG,ALLIED CENTURY HOLDINGS LIMITED,,,,114.1808,22.2796,836672.6,815636.8,114.1808,22.2796,836672.6,815636.8
10/9/2021,HK,CAB,銅鑼灣,478-484 Lockhart Road,駱克道478-484號,Como Como,,Shop,商舖,"地下
一樓
二樓",A-D,NA,"3000
6000
6000",15000,525,"35,000.00",NA,NA,商業,lockhartroad478-484.jpg,Mr CHOW (CHOW SHING KEE),STANDARD POWERFUL COMPANY LIMITED,,,,114.1822,22.2802,836816.9,815703.2,114.1822,22.2802,836816.9,815703.2
16/12/2020,HK,CAB,銅鑼灣,478-484 Lockhart Road,駱克道478-484號,Como Como,,Shop,商舖,地下,A,NA,"1,750",1750,120,"68,571.43",NA,NA,商業,lockhartroad478-484ga.jpg,無原業主資料,TEAM BEST PROPERTIES LIMITED,,,,114.1822,22.2802,836816.9,815703.2,114.1822,22.2802,836816.9,815703.2
8/5/2019,HK,CAB,銅鑼灣,478-484 Lockhart Road,駱克道478-484號,Como Como,,Shop,商舖,地下,G,NA,"1,720",1720,147,"85,465.12",NA,NA,商業,lockhartroad478-484gd.jpg,無原業主資料,AMPLE BILLION CORPORATION LIMITED EMPEROR GROUP,,,,114.1822,22.2802,836816.9,815703.2,114.1822,22.2802,836816.9,815703.2
14/11/2019,HK,CAB,銅鑼灣,529 Lockhart Road,駱克道529號,,,Shop,商舖,地下,全層,NA,"1,000",1000,128,"128,000.00",NA,NA,商業（1）,lockhartroad529.jpg,MR CHUNG WING CHEONG,GREATEST DRAGON LIMITED,,https://finance.mingpao.com/fin/instantp/20191114/1573719371305/%E3%80%90%E4%BD%8E%E4%BD%8D%E6%92%88%E8%B2%A8-%E3%80%91%E9%90%98%E9%8C%B6%E5%BA%97%E8%80%81%E9%97%861-28%E5%84%84%E8%B3%BC%E9%A7%B1%E5%85%8B%E9%81%93%E5%9C%B0%E8%88%96-%E5%91%8E%E5%83%B9%E8%BF%9113%E8%90%AC,,114.1842,22.2807,837023,815758.6,114.1842,22.2807,837023,815758.6
26/10/2018,HK,WCI,灣仔,20 Luard Road,盧押道20號,Dannies House,其康大廈,Composite Building,商住大廈,"二樓
三樓
四樓
其他樓層
其他",全層,NA,"4500
4500
4500
31500
31500",76500,322,"4,209.15",NA,NA,商業,luardroad20.jpg,無原業主資料,LX DR001 LIMITED,,,,114.1719,22.2787,835755.3,815537.1,114.1719,22.2787,835755.3,815537.1
14/6/2018,HK,WCI,灣仔,20 Luard Road,盧押道20號,Dannies House,其康大廈,Shop,商舖,地下,全層,NA,?,?,333, ? ,NA,NA,商業,luardroad20gf.jpg,無原業主資料,LX DS001 LIMITED,,,,114.1719,22.2787,835755.3,815537.1,114.1719,22.2787,835755.3,815537.1
30/9/2019,HK,CRL,中環,13 Lyndhurst Terr,擺花街13號,,,Shop,商舖,"地下
入則閣",全層,NA,"630
501",1131,133.6,"118,125.55",NA,NA,商業,lyndhurstterr13.jpg,MS CHOI,WINMARK PROPERTIES LIMITED,,,,114.1544,22.2826,833951.9,815969.1,114.1544,22.2826,833951.9,815969.1
30/9/2019,HK,CRL,中環,15 Lyndhurst Terr,擺花街15號,,,Shop,商舖,"地下
入則閣
地庫",全層,NA,"700
700
700",2100,135,"64,285.71",NA,NA,商業,lyndhurstterr15.jpg,MR CHEUNG,WINMARK PROPERTIES LIMITED,,,,114.1545,22.2826,833962.2,815969.1,114.1545,22.2826,833962.2,815969.1
30/9/2019,HK,CRL,中環,17 Lyndhurst Terr,擺花街17號,,,Shop,商舖,"地下
入則閣
地庫",全層,NA,"700
700
700",2100,148,"70,476.19",NA,NA,商業,lyndhurstterr17.jpg,MS KITTY MAK,WINMARK PROPERTIES LIMITED,,,,114.1543,22.2826,833941.6,815969.1,114.1543,22.2826,833941.6,815969.1
20/7/2018,HK,CRL,中環,19 Lyndhurst Terr,擺花街19號,,,Shop,商舖,地下,全層,NA,589,589,110,"186,757.22",NA,NA,商業,lyndhurstterr19.jpg,MS KU,SMART SURPLUS MEGA TRADE LIMITED,,,,114.1542,22.2826,833931.3,815969.1,114.1542,22.2826,833931.3,815969.1
16/8/2019,HK,CRL,中環,23-39 Lyndhurst Terr,擺花街23-39號,Lyndhurst Building,中環大廈,Shop,商舖,地下,E（31）,NA,"4,100",4100,368,"89,756.10",NA,NA,商業,lyndhurstterr23-39.jpg,Mr HENRY NG CHUN FOR,GO-ON-WELL COMPANY LIMITED,,https://ps.hket.com/article/2428478,,114.1536,22.2826,833869.4,815969.1,114.1536,22.2826,833869.4,815969.1
30/9/2019,HK,CRL,中環,9 Lyndhurst Terr,擺花街9號,,,Shop,商舖,"地下
地庫
天井",全層,NA,"750
750
200",1700,130,"76,470.59",NA,NA,商業,lyndhurstterr9.jpg,MRS CHENG,WINMARK PROPERTIES LIMITED,,,,114.1545,22.2826,833962.2,815969.1,114.1545,22.2826,833962.2,815969.1
23/9/2021,HK,ABD,香港仔,"68 Main Street, Ap Lei Chau",鴨利洲大街68號,H‧Bonaire,倚南,Shop,商舖,地下,01 to 12,NA,"5,973",5973,224.8,"37,636.03",NA,NA,住宅（甲類）(2),"mainstreet,apleichau68.jpg",恆基,KENNEX INVESTMENT LIMITED,,,,114.1557,22.2442,834085.3,811716.9,114.1557,22.2442,834085.3,811716.9
22/8/2018,HK,CAB,銅鑼灣,11 Matheson Street,勿地臣街11號,,,Shop,商舖,"地下
閣樓",No.11-13,NA,"800
550",1350,504.53,"373,725.93",NA,NA,商業,mathesonstreet11.jpg,無原業主資料,MAIN LUCKY ENTERPRISES LIMITED,,,,114.1825,22.2778,836847.8,815437.4,114.1825,22.2778,836847.8,815437.4
26/8/2021,HK,SKW,筲箕灣,67-77 Nam On Street,南安街67-77號,Chung Chai Building,仲齊大廈,Composite Building,商住大廈,全幢,,"3,000",NA,NA,195, NA ,"2,700",72222.22,住宅（甲類）(2),namonstreet67-77.jpg,無原業主資料,EARN BENEFIT LIMITED,地積比率約9倍,http://www.takungpao.com.hk/finance/236136/2019/0531/297082.html,,114.2268,22.2788,841413.3,815549,114.2268,22.2788,841413.3,815549
6/8/2021,HK,ABD,香港仔,"72 Old Main Street, Aberdeen",香港仔舊大街72號,,,Composite Building,商住大廈,全幢,,NA,"2,400",2400,110,"45,833.33",NA,NA,住宅（甲類）(3),oldmainstreetaberdeen72.jpg,MR CHEUNG,ALL HARVEST CORPORATION LIMITED,,https://ps.hket.com/article/3026127,,114.1562,22.2481,834136.9,812148.8,114.1562,22.2481,834136.9,812148.8
15/9/2021,HK,CRL,中環,20 Pedder Street,畢打街20號,Wheelock House,會德豐大廈,Shop,商舖,"地下
地庫",A,NA,"2462
9462",11924,710,"59,553.77",NA,NA,商業,pedderstreet20.jpg,CT NG,SHINY PROFIT LIMITED,銀行,,,114.1574,22.2819,834261,815891.6,114.1574,22.2819,834261,815891.6
3/12/2021,HK,CAB,銅鑼灣,53 Percival Street,波斯富街53號,Thai Kong Building,泰港大廈,Composite Building,商住大廈,全幢,,NA,"3,137
1,569",4706,123,"26,136.84",NA,NA,商業,percivalstreet53.jpg,MR CHAN CHUNG MO,MISS YEUNG,,https://paper.hket.com/article/3110945/%E6%B3%A2%E6%96%AF%E5%AF%8C%E8%A1%9753%E8%99%9F%E5%85%A8%E5%B9%A2%201.2%E5%84%84%E6%98%93%E6%89%8B,,114.1827,22.2795,836868.4,815625.7,114.1827,22.2795,836868.4,815625.7
21/6/2022,HK,CAB,銅鑼灣,54 Percival Street,波斯富街54號,,,Shop,商舖,地下,,,"1,308",1308,156,"119,266.00",,,商業 (2),percivalstreet54.jpg, 永光 (WINRISE CORPORATION LIMITED),新世界 (KERRYFORD HOLDINGS LIMITED),"該舖位在2009年以1億元買入，最新收購價為1.56億元，即帳面升值約5,600萬元或56%。", https://www.hk01.com/sns/article/783783,,114.183,22.2796,836899.3,815636.8,114.183,22.2796,836899.3,815636.8
21/6/2022,HK,CAB,銅鑼灣,56 Percival Street,波斯富街56號,,,Shop,商舖,地下,,,"1,100",1100,157,"142,727.00",,,商業 (2),percivalstreet56.jpg, 永光 (CIRCLE PROPERTY DEVELOPMENT LIMITED),新世界 (KERRYFORD HOLDINGS LIMITED),"該舖位在2011年以1.95億元買入，意味是次易手帳面貶值3,800萬元或19.5%。", https://www.hk01.com/sns/article/783783,,114.183,22.2796,836899.3,815636.8,114.183,22.2796,836899.3,815636.8
20/7/2021,HK,CAB,銅鑼灣,85 Percival Street,波斯富街85號,,,Shop,,地下,全層,NA,"1,163",1163,260,"223,559.76",NA,NA,商業,percivalstreet85.jpg,鄧成波,PREHNITE INVESTMENTS LIMITED,,https://www.hk01.com/%E5%9C%B0%E7%94%A2%E6%A8%93%E5%B8%82/652714/%E5%B8%8C%E6%85%8E%E9%80%BE11%E5%84%84%E7%B5%B1%E4%B8%80%E6%B3%A2%E6%96%AF%E5%AF%8C%E8%A1%97%E8%88%8A%E6%A8%93%E6%A5%AD%E6%AC%8A-%E6%AF%8F%E5%91%8E%E5%9C%B0%E5%83%B9%E7%B4%843-25%E8%90%A,,114.1831,22.2786,836909.6,815526,114.1831,22.2786,836909.6,815526
5/5/2022,HK,CAB,銅鑼灣,85-89 Percival Street,波斯富街85-89號,Po Foo Building,寶富大樓,Composite Building,商住大廈,全幢,,2300,,,1121,,34500,32493,商業,percivalstreet85-89.jpg,,希慎興業 (PREHNITE INVESTMENTS LIMITED),波斯富街85號、87號為兩幢樓高5層的舊樓，早前由舖王鄧成波家族收購，惟在2017年沽出。,shorturl.at/aeFGX,,114.1833,22.2788,836930.2,815548.2,114.1833,22.2788,836930.2,815548.2
20/7/2021,HK,CAB,銅鑼灣,87 Percival Street,波斯富街87號,,,Shop,商舖,地下,全層,NA,"1,155",1155,250.6,"216,969.70",NA,NA,商業,percivalstreet87.jpg,MAYFAIR (H.K.) LIMITED,PREHNITE INVESTMENTS LIMITED,,https://www.hk01.com/%E5%9C%B0%E7%94%A2%E6%A8%93%E5%B8%82/652714/%E5%B8%8C%E6%85%8E%E9%80%BE11%E5%84%84%E7%B5%B1%E4%B8%80%E6%B3%A2%E6%96%AF%E5%AF%8C%E8%A1%97%E8%88%8A%E6%A8%93%E6%A5%AD%E6%AC%8A-%E6%AF%8F%E5%91%8E%E5%9C%B0%E5%83%B9%E7%B4%843-25%E8%90%A,,114.1831,22.2786,836909.6,815526,114.1831,22.2786,836909.6,815526
8/4/2019,HK,CAB,銅鑼灣,89 Percival Street,波斯富街89號,Po Foo Building,寶富大樓,Shop,商舖,"地下
閣樓",全層,NA,"2,055",2055,275,"133,819.95",NA,NA,商業,percivalstreet89.jpg,MR CHAN,ACTIVE PIONEER LIMITED,原文網址: 希慎逾11億統一波斯富街舊樓業權　每呎地價約3.25萬 | 香港01 https://www.hk01.com/sns/article/652714,,,114.1832,22.2786,836919.9,815526,114.1832,22.2786,836919.9,815526
6/9/2021,HK,WES,西環,101 Pokfulam Road,薄扶林道101號,Academic Terrace,學士臺,Car Park,車位,"地庫一樓
地庫二樓
地庫三樓",全層,NA,NA,NA,140.5, NA ,NA,NA,住宅（甲類）,pokfulamroad101.jpg,無原業主資料,MOMO PROPERTY LIMITED,,https://paper.hket.com/article/3033113/%E6%96%B0%E4%B8%96%E7%95%8C%E7%B4%841.4%E5%84%84%20%E6%B2%BD%E5%AD%B8%E5%A3%AB%E8%87%BA%E5%81%9C%E8%BB%8A%E5%A0%B4,,114.1316,22.2824,831602.2,815947.5,114.1316,22.2824,831602.2,815947.5
7/5/2019,HK,WES,西環,88C Pok Fu Lam Road,薄扶林道88C號,,,Residential Building,住宅大廈,全幢,,4683,,,270,,15453,17472,住宅（乙類）,pokfulamroad88c.jpg,TOP ACT INVESTMENTS LIMITED,Miss BIAN HAIYAN,物業於2014年4月已獲屋宇署批准興建一幢樓高5層的獨立屋，另設1層地下下層，提供總樓面面積約15453平方呎。,https://www2.hkej.com/property/article/id/2130914/%E8%96%84%E6%89%B6%E6%9E%97%E9%81%9388C%E5%85%A8%E5%B9%A22.7%E5%84%84%E6%98%93%E6%89%8B,,114.1323,22.2779,831674.2,815449.2,114.1323,22.2779,831674.2,815449.2
24/1/2022,HK,WES,西環,1-7 Po Tuk Street,保德街1-7號,,,CAP545,強拍,全幢,,"3,005",,,377,,"28,153",13391,住宅（甲類）,potukstreet1-7.jpg,無原業主資料,創譽發展 (FAMOUS CONCEPT DEVELOPMENT LIMITED),強拍，地積比率約9倍,https://ps.hket.com/article/30972139,,114.136,22.2848,832055.7,816213.1,114.136,22.2848,832055.7,816213.1
6/5/2019,HK,CRL,中環,110-116 Queen's Road Central,皇后大道中110-116號,Wings Building,永恒商業大廈,Office,辦公室,一樓,全層,NA,"5,637",5637,108,"19,159.13",NA,NA,商業,queensroadcentral110-116.jpg,Miss HAI / FUNG,LX C001 LIMITED,,,,114.1547,22.2837,833982.8,816090.9,114.1547,22.2837,833982.8,816090.9
28/2/2018,HK,CRL,中環,138 Queen's Road Central,皇后大道中138號,V Heun Building,威享大廈,Shop,商舖,高層地下,全層,NA,"5,871",5871,114.63,"19,524.78",NA,NA,商業,queensroadcentral138_ug.jpg,MS JOYCE TSANG,Miss LEUNG,,,,114.1542,22.284,833931.3,816124.2,114.1542,22.284,833931.3,816124.2
28/2/2018,HK,CRL,中環,138 Queen's Road Central,皇后大道中138號,V Heun Building,威享大廈,Shop,商舖,二樓,全層,NA,"8,371",8371,161.92,"19,342.97",NA,NA,商業,queensroadcentral138_2f.jpg,MS JOYCE TSANG,Miss LEUNG,,,,114.1542,22.284,833931.3,816124.2,114.1542,22.284,833931.3,816124.2
28/2/2018,HK,CRL,中環,138 Queen's Road Central,皇后大道中138號,V Heun Building,威享大廈,Shop,商舖,一樓,全層,NA,"8,192",8192,165.43,"20,194.09",NA,NA,商業,queensroadcentral138_1f.jpg,JOYCE TSANG,Miss LEUNG,,,,114.1542,22.284,833931.3,816124.2,114.1542,22.284,833931.3,816124.2
7/2/2020,HK,CRL,中環,286 Queen's Road Central,皇后大道中286號,Ovolo Hotel,,Hotel,酒店,全幢,,,"2,885",2885,475,"164,644.71",,,住宅（甲類）（8）,queensroadcentral286.jpg,MR CHOW / MS CHAN,LUCKY HARBOUR INTERNATIONAL LIMITED,,,,114.1506,22.2846,833560.3,816190.7,114.1506,22.2846,833560.3,816190.7
10/7/2018,HK,CRL,中環,41 Queen's Road Central,皇后大道中41號,Lansing House,聯成大廈,Shop,商舖,"地下
入則閣
地庫","41
41
41-47",NA,"750
500
3200",4450,444.8,"99,955.06",NA,NA,商業,queensroadcentral41.jpg,LAI WING TO,MULTI-HUGE LIMITED,,https://orientaldaily.on.cc/cnt/finance/20180711/00204_004.html,,114.1559,22.2827,834106.5,815980.2,114.1559,22.2827,834106.5,815980.2
30/4/2018,HK,CRL,中環,9 Queen's Road Central,皇后大道中9號,The Galleria,嘉軒廣場,Shop,商舖,"地下
地庫","G10
B2",NA,"9070
8385",17455,1337,"76,596.96",NA,NA,商業,queensroadcentral9.jpg,NINE QUEENS INVESTMENT LIMITED,NINE QUEENS INVESTMENT LIMITED,,,,114.1583,22.2803,834353.8,815714.4,114.1583,22.2803,834353.8,815714.4
9/3/2018,HK,CRL,中環,9 Queen's Road Central,皇后大道中9號,The Galleria,嘉軒廣場,Shop,商舖,地下,G8,NA,,,147.4,#DIV/0!,NA,NA,商業,queensroadcentral9.jpg,MS HUI,INFINITE GAIN III LIMITED,,,,114.1583,22.2803,834353.8,815714.4,114.1583,22.2803,834353.8,815714.4
9/3/2018,HK,CRL,中環,9 Queen's Road Central,皇后大道中9號,The Galleria,嘉軒廣場,Shop,商舖,地下,G7,NA,"1,783",1783,161.75,"90,717.89",NA,NA,商業,queensroadcentral9g7.jpg,MS HUI,INFINITE GAIN II LIMITED,,,,114.1583,22.2803,834353.8,815714.4,114.1583,22.2803,834353.8,815714.4
9/3/2018,HK,CRL,中環,9 Queen's Road Central,皇后大道中9號,The Galleria,嘉軒廣場,Shop,商舖,地下,G6,NA,,,175.15,#DIV/0!,NA,NA,商業,queensroadcentral9.jpg,MS HUI,INFINITE GAIN I LIMITED,,,,114.1583,22.2803,834353.8,815714.4,114.1583,22.2803,834353.8,815714.4
9/3/2018,HK,CRL,中環,9 Queen's Road Central,皇后大道中9號,The Galleria,嘉軒廣場,Shop,商舖,地下,G9,NA,,,185.68,#DIV/0!,NA,NA,商業,queensroadcentral9.jpg,MS HUI,INFINITE GAIN IV LIMITED,,,,114.1583,22.2803,834353.8,815714.4,114.1583,22.2803,834353.8,815714.4
31/1/2018,HK,CRL,中環,9 Queen's Road Central,皇后大道中9號,The Galleria,嘉軒廣場,Shop,商舖,"地下
地庫","G10
B2",NA,"9070
8385",17455,1337,"76,596.96",NA,NA,商業,queensroadcentral9g10&b2.jpg,Mr NELSON LEONG,NINE QUEENS INVESTMENT LIMITED,,,,114.1583,22.2803,834353.8,815714.4,114.1583,22.2803,834353.8,815714.4
11/4/2018,HK,WCI,灣仔,153A Queen's Road East,皇后大道東153A號,,,Shop,商舖,地下,全層,NA,600,600,138.12,"230,200.00",NA,NA,住宅（甲類）,queensroadeast153a.jpg,TOP LUCKY RESOURCES LIMITED,BLDRIDGE INVESTMENTS LIMITED,,,,114.1715,22.275,835714.1,815127.4,114.1715,22.275,835714.1,815127.4
21/5/2020,HK,WCI,灣仔,72-76 Queen's Road East,皇后大道東72-76號,Shun Fat Building,順發樓,Composite Building,商住大廈,全幢,,2014,"11750
4250",16000,253,"15,812.50",19737,12800,住宅（甲類）,queensroadeast72-76.jpg,MS KAM,SHELDON HOLDINGS COMPANY LIMITED,,https://ps.hket.com/article/2627929,,114.1695,22.2766,835508,815304.6,114.1695,22.2766,835508,815304.6
28/5/2019,HK,WCI,灣仔,98 Queen's Road East,皇后大道東98號,,,Composite Building,商住大廈,全幢,,884.75,,,120,,,,住宅（甲類）,queensroadeast98.jpg,MS SZE TO,YORK STAR MEGA TRADE LIMITED，袁運南 及 張騰鴻,前者與天保能源(01671)股東袁運南姓名相同，後者與深圳小開發商心海控股的老闆張騰鴻姓名相同。,https://www2.hkej.com/property/article/id/2148236/%E7%9A%87%E5%90%8E%E5%A4%A7%E9%81%93%E6%9D%B198%E8%99%9F%E5%85%A8%E5%B9%A2%E8%B2%B7%E5%AE%B6%E6%9B%9D%E5%85%89,,114.17,22.2764,835559.5,815282.4,114.17,22.2764,835559.5,815282.4
25/10/2019,HK,WES,西環,160 Queen's Road West,皇后大道西160號,,,Shop,商舖,全幢,,NA,"2,000",2000,231,"115,500.00",NA,NA,住宅（甲類）（7）,queensroadwest160.jpg,FULL LEADER DEVELOPMENT LIMITED,RICH CAPITAL INVESTMENT LIMITED,,,,114.145,22.2867,832983.2,816423.3,114.145,22.2867,832983.2,816423.3
12/8/2020,HK,WES,西環,199 Queen's Road West,皇后大道西199號,Queen's Hotel,皇后酒店,Hotel,酒店,全幢,,,"26,779",26779,308,"11,501.55",,,住宅（甲類）（7）,queensroadwest199.jpg,CHUNG CHI LEUNG PAUL,GRAND FORTUNE OVERSEAS HOLDINGS LIMITED,"物業高23層，總建築面積約26,779方呎，前身為寫字樓，及後改裝為酒店，設40間房間",https://www.hk01.com/%E5%9C%B0%E7%94%A2%E6%A8%93%E5%B8%82/510019/%E8%A5%BF%E7%87%9F%E7%9B%A4%E7%9A%87%E5%90%8E%E9%85%92%E5%BA%97%E5%8A%88%E5%83%B9%E9%81%8E%E5%84%84-%E5%85%A8%E5%B9%A23-1%E5%84%84%E6%98%93%E6%89%8B,,114.1446,22.2872,832942,816478.7,114.1446,22.2872,832942,816478.7
15/7/2020,HK,WES,西環,460 Queen's Road West,皇后大道西460號,Novum West,翰林峰,Shop,商舖,一樓,PORTION A2,NA,"19,533",19533,459.6,"23,529.41",NA,NA,住宅（甲類）（7）,queensroadwest460_1f.jpg,無原業主資料,THE UNIVERSITY OF HONG KONG,,,,114.1365,22.2856,832107.3,816301.7,114.1365,22.2856,832107.3,816301.7
8/11/2018,HK,WES,西環,460 Queen's Road West,皇后大道西460號,Novum West,翰林峰,Shop,商舖,,Portion B,NA,"20,000",20000,503.8,"25,190.00",NA,NA,住宅（甲類）（7）,queensroadwest460_portionB.jpg,MR LAM,THE UNIVERSITY OF HONG KONG,原文網址: 西營盤皇后酒店劈價過億　全幢3.1億易手　 | 香港01 https://www.hk01.com/sns/article/510019,,,114.1365,22.2856,832107.3,816301.7,114.1365,22.2856,832107.3,816301.7
3/10/2019,HK,WES,西環,518-520 Queen's Road West,皇后大道西518-520號,Luen Wah Mansion,聯華大廈,Shop,商舖,"地下
天井",518-520,NA,"3625
1500",37759,155,"30,243.90",NA,NA,住宅（甲類）,queensroadwest518-520.jpg,MS YVONNE WONG,GOLDEN FLOWER LIMITED,,,,114.1347,22.2861,831921.8,816357.1,114.1347,22.2861,831921.8,816357.1
12/8/2021,HK,WES,西環,78-80 Queen's Road West,"皇后大道西78-80號 及 荷李活道265至267號
",Ko Shing Building,高陞大樓,CAP545,強拍,全幢,,"2,144",,,259, NA ,"19,000",13631.58,住宅（甲類）(7),queensroadwest78-80.jpg,無原業主資料,WISE GRACE INVESTMENT LIMITED,地積比率約9倍,https://www.hk01.com/%E5%9C%B0%E7%94%A2%E6%A8%93%E5%B8%82/653347/%E8%88%8A%E6%A8%93%E5%BC%B7%E6%8B%8D-%E8%8B%B1%E7%9A%87%E5%9C%8B%E9%9A%9B2-59%E5%84%84%E7%B5%B1%E4%B8%80%E4%B8%8A%E7%92%B0%E9%AB%98%E9%99%9E%E5%A4%A7%E6%A8%93%E6%A5%AD%E6%AC%8A,,114.1471,22.2862,833199.6,816367.9,114.1471,22.2862,833199.6,816367.9
19/9/2019,HK,CRL,中環,95 Queensway,金鐘道95號,United Centre,統一中心,Car Park,車位,七樓,CP 1-64,NA,"31,140",31140,190,"6,101.48",NA,NA,商業,queensway95.jpg,MR SUEN,ON PARK CAR PARK MANAGEMENT LIMITED,,,,114.1653,22.2784,835075.2,815503.9,114.1653,22.2784,835075.2,815503.9
13/12/2021,HK,CRL,中環,5-8 Queen Victoria Street,域多利皇后街5-8號,Hung Kei Mansion,鴻基大廈,Shop,商舖,地下,"A, B, E",NA,"3,100",3100,180,"58,064.52",NA,NA,商業,queenvictoriastreet5-8.jpg,DEACON CHENG,LUCKY KING LIMITED,餐廳,,,114.1559,22.2837,834106.5,816090.9,114.1559,22.2837,834106.5,816090.9
13/12/2021,HK,CRL,中環,5-8 Queen Victoria Street,域多利皇后街5-8號,Hung Kei Mansion,鴻基大廈,Shop,商舖,地下,"A, B, E",NA,"3,100",3100,180,"58,064.52",NA,NA,商業,queenvictoriastreet5-8.jpg,DEACON CHENG,LUCKY KING LIMITED,餐廳,,,114.1559,22.2837,834106.5,816090.9,114.1559,22.2837,834106.5,816090.9
23/4/2021,HK,CRL,中環,105 Robinson Road,羅便臣道105號,Jade Garden,翡翠園,CAP545,強拍,全幢,,"27,530",,,2505,,"27,000",18152,住宅（丙類）,robinsonroad105.jpg,無原業主資料,恒地 (SINO NOBLE ENTERPRISES LIMITED),強拍，地積比率約5倍,https://ps.hket.com/article/2872639,,114.1455,22.2828,833034.7,815991.4,114.1455,22.2828,833034.7,815991.4
24/2/2022,HK,CRL,中環,88 Robinson Road,羅便臣道88號,Solon House,崇樓,CAP545,強拍,全幢,,"10,361",,,1009,,"51,800",19500,住宅（乙類）,robinsonroad88.jpg,無原業主資料,恒地 (ONBRAVE LIMITED),強拍，地積比率約5倍,https://finance.mingpao.com/fin/instantp/20220127/1643257371652/%E6%81%92%E5%9C%B0%E9%80%BE10%E5%84%84%E7%B5%B1%E4%B8%80%E7%BE%85%E4%BE%BF%E8%87%A3%E9%81%9388%E8%99%9F-%E6%96%99%E5%BB%BA100%E4%BC%99,,114.1427,22.2827,832746.1,815980.4,114.1427,22.2827,832746.1,815980.4
10/1/2022,HK,CRL,中環,94-96 Robinson Road,羅便臣道94、94A及96號,,,CAP545,強拍,全幢,,"6,361",,,522.1,,,,住宅（乙類）,robinsonroad94-96.jpg,無原業主資料,恒地 (MASTER HONEST INVESTMENTS LIMITED),據了解，恒地將連同羅便臣道98及100號一併發展，合成約1.2萬平方呎地盤，以地積比率5倍發展，即可建樓面約6.08萬平方呎。,,,114.1424,22.2827,832715.2,815980.4,114.1424,22.2827,832715.2,815980.4
23/6/2022,HK,CAB,銅鑼灣,8 Russell Street,羅素街8號,Emperor Watch And Jewellery Centre,英皇鐘錶珠寶中心,Office,辦公室,十九樓,全層,NA,"4,718",4718,110,"23,314.96",NA,NA,商業,russellstreet8.jpg,MR TSUI,TM WELLNESS LIMITED,,https://www.hk01.com/sns/article/774064,,114.1818,22.2787,836775.6,815537.1,114.1818,22.2787,836775.6,815537.1
22/11/2018,HK,CAB,銅鑼灣,2-4 Russel Street,羅素街2-4號,Plaza 2000,2000年廣場,Shop,商舖,地下,全層,NA,?,?,4000, ? ,,,商業,russelstreet2-4.jpg,無原業主資料,ALL RICH INTERNATIONAL DEVELOPMENT LIMITED,,,,114.1815,22.2786,836744.7,815526,114.1815,22.2786,836744.7,815526
18/10/2021,HK,SKW,筲箕灣,129-133 Sai Wan Ho Street,西灣河街129-133號,Lee Ga Building,利基大廈,Shop,商舖,地下,2,NA,"8,400",8400,112,"13,333.33",NA,NA,住宅（甲類）(3),saiwanhostreet129-133.jpg,MR LUI,MOST EARN LIMITED,,https://www.hk01.com/%E5%9C%B0%E7%94%A2%E6%A8%93%E5%B8%82/676377/%E4%BD%B3%E5%AF%B6%E5%B9%B4%E5%85%A7%E7%8B%82%E6%B2%BD8%E9%A0%85%E7%89%A9%E6%A5%AD-%E8%A5%BF%E7%81%A3%E6%B2%B3%E8%A1%97%E5%9C%B0%E8%88%96%E6%96%B0%E8%BF%911-22%E5%84%84%E6%B2%BD%E5%87%BA,,114.2217,22.2814,840887.6,815836.8,114.2217,22.2814,840887.6,815836.8
24/3/2020,HK,CAB,銅鑼灣,6 Sharp Street East,霎東街6號,,,Composite Building,商住大廈,全幢,,NA,"3179
700",3879,280,"72,183.55",,,商業,sharpstreeteast6.jpg,無原業主資料,ISLE NOBLE INVESTMENTS LIMITED,ISLE NOBLE INVESTMENTS LIMITED，為海外註冊公司,https://ps.hket.com/article/2599646,,114.1829,22.2782,836889,815481.7,114.1829,22.2782,836889,815481.7
15/6/2020,HK,SKW,筲箕灣,121-131 Shau Kei Wan Main Street East ,筲箕灣東大街121-131號,Yee Tak Building,義德樓,Composite Building,商住大廈,全幢,,NA,"7,680",7680,804,"104,687.50",NA,NA,住宅（甲類）,shaukeiwanmainstreeteast121-131.jpg,CHINA VISION ENGINEERING LIMITED,CHINA VISION ENGINEERING LIMITED,,https://hk.news.yahoo.com/%E7%AD%B2%E7%AE%95%E7%81%A3%E6%9D%B1%E5%A4%A7%E8%A1%97121-131%E8%99%9F%E7%BE%A9%E5%BE%B7%E6%A8%93%E4%BB%A5%E5%BA%95%E5%83%B98-04%E5%84%84%E5%85%83%E5%94%AE%E5%87%BA-085210984.html?guce_referrer=aHR0cHM6Ly93d3cuZ29vZ2xlLmNvbS8&guce_referrer_sig=AQAAAJqU6uuomnaJLNXNJ8OqMcgZm9mzYXExBjobGcncJUkZCSQtjWVgYZwrgVznrHxFD_nTRKGwkOjzAJnj0YvnJvdf_BtHXgiak1fgVkzAEk0Ba2IMT6fc3vnj9KKtMzJPLJ9DGy8aoL3XbtksbSY1Ai_C_H30AteuxI0cD1nG2cBu,,114.2302,22.2787,841763.7,815538.1,114.2302,22.2787,841763.7,815538.1
22/5/2020,HK,SKW,筲箕灣,121-131 Shau Kei Wan Main Street East ,筲箕灣東大街121-131號,Yee Tak Building,義德樓,Shop,商舖,地下,A-F,NA,,,408.49,#DIV/0!,NA,NA,住宅（甲類）,shaukeiwanmainstreeteast121-131_gf.jpg,Mr CHAN,CHINA VISION ENGINEERING LIMITED,,,,114.2302,22.2787,841763.7,815538.1,114.2302,22.2787,841763.7,815538.1
25/1/2019,HK,SKW,筲箕灣,163 Shau Kei Wan Road,筲箕灣道163號,Island Residence,,Shop,商舖,"地下
一樓",全層,NA,"9000
9000",18000,312,"17,333.33",NA,NA,住宅（甲類）（2）,shaukeiwanroad163.jpg,ACTIVE TALENT HOLDINGS LIMITED,BRAVE VALLEY LIMITED,,,,114.2238,22.2809,841104,815781.5,114.2238,22.2809,841104,815781.5
16/8/2018,HK,SKW,筲箕灣,225-227 Shau Kei Wan Road,筲箕灣道225-227號,,,Site,地盤,,,1891,,,140.88,,"21,972",6411.8,住宅（甲類）（2）,shaukeiwanroad225-227.jpg,無原業主資料,百旺都集團,"已獲准圖則興建樓高22層，總樓面達21,972平方呎之酒店物業，提供約60間酒店房間，地積比率約11.6倍。該地盤已完成地基工程，將重建成酒店或服務式住宅，預計2020年落成，總投資額約3億元。",https://ps.hket.com/article/2042786,,114.2252,22.2804,841248.3,815726.1,114.2252,22.2804,841248.3,815726.1
22/11/2018,HK,SKW,筲箕灣,361 Shau Kei Wan Road,筲箕灣道361號,Lancashire Centre,利嘉中心,Commercial Building,商業大廈,全幢,,,,,600,,,,住宅（甲類）（2）,shaukeiwanroad361.jpg,E. Lite(Choi's) Holdings Ltd,,內部轉讓,,,114.2276,22.2774,841495.8,815394,114.2276,22.2774,841495.8,815394
21/1/2022,HK,NP,北角,28 Shu Kuk Street,書局街28號,Odeon Building,國賓大廈,Shop,商舖,"二樓
三樓",全層,NA,"11000
11000",22000,279,"12,681.82",NA,NA,商 業/ 住 宅,shukukstreet28.jpg,無原業主資料,(永倫) WINLAND NORTH POINT LIMITED,,,,114.2002,22.2921,838671.7,817021.1,114.2002,22.2921,838671.7,817021.1
5/6/2018,HK,ABD,香港仔,1-6 South Horizon Drive,海怡路1-6號,South Horizons Block 4 (Hoi Wan Court),海怡半島第四座海韻閣,Shop,商舖,平台,全層,NA,"10,580",10580,150,"14,177.69",NA,NA,住宅（甲類）（1）,southhorizondrive1-6_podium.jpg,無原業主資料,FPC PROPERTIES (HK) LIMITED,,,,114.147,22.2448,833188.4,811783.5,114.147,22.2448,833188.4,811783.5
13/6/2019,HK,WCI,灣仔,32-40 Spring Garden Lane,春園街32-40號,,,Shop,商舖,地下,2-Jun,NA,"2,562",2562,232.8,"90,866.51",NA,NA,住宅（甲類）,springgardenlane32-40.jpg,無原業主資料,HONOURABLE GROUP LIMITED,,,,114.1726,22.275,835827.5,815127.4,114.1726,22.275,835827.5,815127.4
9/3/2022,HK,SOU,南區,3-5 Stanley New Street,赤柱新街3-5號,Village Court,,Composite Building,商住大廈,全幢,,,"5,437",5437,130,"23,910.00",,,住宅（甲類）(2),stanleynewstreet3-5.jpg,Miss CHAN SIU KING (MRS LUI),MR PAT WONG,,https://www.hk01.com/%E5%9C%B0%E7%94%A2%E6%A8%93%E5%B8%82/736106/%E8%B5%A4%E6%9F%B1%E6%96%B0%E8%A1%97%E5%85%A8%E5%B9%A2%E7%89%A9%E6%A5%AD%E5%82%B31-8%E5%84%84%E6%B2%BD-%E5%8D%8A%E4%B8%96%E7%B4%80%E5%8D%87%E5%80%BC%E4%BA%94%E5%8D%83%E5%80%8D,,114.2127,22.2188,839961.7,808904.6,114.2127,22.2188,839961.7,808904.6
12/11/2021,HK,CRL,中環,28B Stanley Street,士丹利街28B號,,,Shop,商舖,1/F-5/F,全層,NA,？,？,370,#VALUE!,NA,NA,商業,stanleystreet28b.jpg,Mr RICHARD YEUNG,ETERNAL BOND INVESTMENT LIMITED,,,,114.1554,22.2823,834054.9,815935.9,114.1554,22.2823,834054.9,815935.9
24/6/2022,HK,CRL,中環,47-57 Staunton Street,士丹頓街47-57號,,,CAP545,強拍,全幢,,"4,336",,,529,,"36,837",14361,住宅（甲類）,stauntonstreet47-57.jpg,TBC,會德豐 (HOLLY PROPERTY COMPANY),強拍，地積比率約9倍,https://hk.on.cc/hk/bkn/cnt/finance/20220404/bkn-20220404174036261-0404_00842_001.html,,114.1522,22.2826,833725.2,815969.2,114.1522,22.2826,833725.2,815969.2
11/10/2021,HK,THA,大坑,341-343 Tai Hang Road,大坑道341-343號,Valley Villa,雅居,Residential Building,住宅大廈,全幢,,"11,000",NA,NA,1239.98, NA ,"18,000",69000,住宅（丙類）（9）,taihangroad341-343.jpg,無原業主資料,TH PROPERTIES LIMITED,,https://www.hk01.com/%E5%9C%B0%E7%94%A2%E6%A8%93%E5%B8%82/687337/%E5%A4%A7%E5%9D%91%E9%81%93%E5%85%A8%E5%B9%A2%E8%88%8A%E6%A8%9312-39%E5%84%84%E6%98%93%E6%89%8B-%E5%9F%B9%E6%96%B0%E9%9B%86%E5%9C%98-%E6%93%AC%E9%87%8D%E5%BB%BA%E4%BD%8E%E5%AF%86%E5%BA%A6%E8%B1%AA%E5%AE%85,,114.1896,22.2624,837579.6,813732.2,114.1896,22.2624,837579.6,813732.2
29/9/2020,HK,WCI,灣仔,21-23 Tai Wong Street East,大王東街21-23號,Hing Wing Court,興旺閣,Shop,商舖,"地下
一樓
二樓",全層,NA,"1826
1782
1782",5390,120,"22,263.45",NA,NA,住宅（甲類）,taiwongstreeteast21-23.jpg,LEIGHT HUNG SING LIMITED,MANDER HING WONG ENTERPRISE LIMITED,,,,114.1713,22.2761,835693.5,815249.2,114.1713,22.2761,835693.5,815249.2
10/3/2022,HK,CAB,銅鑼灣,41-51 Tang Lung Street,登龍街41-51號,Golden Dragon Building,金龍大廈,Shop,商舖,地下,"A
D
E, F",NA,"800
926
1350",3076,126,"40,962.29",NA,NA,商業,tanglungstreet41-51.jpg,無原業主資料,SMART MEN LIMITED,,https://www.hk01.com/%E5%9C%B0%E7%94%A2%E6%A8%93%E5%B8%82/745300/%E8%A3%95%E6%B3%B0%E8%88%88%E5%AE%B6%E6%97%8F1-26%E5%84%84%E6%B2%BD%E7%99%BB%E9%BE%8D%E8%A1%97%E4%B8%80%E7%B1%83%E5%AD%90%E8%88%96-%E7%96%AB%E5%B8%82%E5%A4%A7%E8%B3%BA1-2%E5%84%84,,114.1826,22.2792,836858.1,815592.5,114.1826,22.2792,836858.1,815592.5
10/3/2022,HK,WES,西環,145-149 Third Street,第三街145-149號,,,CAP545,強拍,全幢,,"3,491",,,366,,"31,419",11648,住宅（甲類）,thirdstreet145-149.jpg,無原業主資料,新世界 (SOUND ADVICE PROPERTY LIMITED),強拍，地積比率約9倍,https://hd.stheadline.com/news/realtime/pp/2307380/%E5%8D%B3%E6%99%82-%E5%9C%B0%E7%94%A2-%E8%88%8A%E6%A8%93%E5%BC%B7%E6%8B%8D-%E8%B2%A1%E5%9C%98%E5%85%B17-2%E5%84%84%E7%B5%B1%E4%B8%80%E8%A5%BF%E7%87%9F%E7%9B%A4%E5%85%A9%E8%88%8A%E6%A8%93%E6%A5%AD%E6%AC%8A,,114.1393,22.2858,832395.8,816323.8,114.1393,22.2858,832395.8,816323.8
1/3/2018,HK,WES,西環,163 Third Street,第三街163號,Kwong Fung Terrace,廣豐臺,Car Park,車位,,CARPARK,NA,NA,NA,150, NA ,NA,NA,住宅（甲類）,thirdstreet163.jpg,MR CHOI,FULL ASSETS LIMITED,,,,114.1386,22.286,832323.7,816346,114.1386,22.286,832323.7,816346
17/12/2018,HK,WES,西環,22-24 Third Street,第三街22-24號,,,Composite Building,商住大廈,全幢,,NA,"11,429",11429,110,"157,142.86",NA,NA,住宅（甲類）（8）,thirdstreet22.jpg,MRS CHAN,ALFA WORTH INVESTMENT DEVELOPMENT LIMITED,內部轉讓 - 修改成交價,,,114.1431,22.2856,832787.4,816301.6,114.1431,22.2856,832787.4,816301.6
5/10/2018,HK,WES,西環,22-24 Third Street,第三街22-24號,,,Composite Building,商住大廈,全幢,,NA,"11,429",11429,160,"14,000.00",NA,NA,住宅（甲類）（8）,thirdstreet22.jpg,WING KWOK ENTERPRISES LIMITED,ALFA WORTH INVESTMENT DEVELOPMENT LIMITED,內部轉讓,https://paper.hket.com/article/2176754/%E8%B2%A1%E5%9C%981.6%E5%84%84%20%E6%94%B6%E8%B3%BC%E8%A5%BF%E7%87%9F%E7%9B%A4%E8%88%8A%E6%A8%93,,114.1431,22.2856,832787.4,816301.6,114.1431,22.2856,832787.4,816301.6
2/6/2022,HK,WCI,灣仔,115 Thomson Road,譚臣道115號,,,Composite Building,商住大廈,全幢,,875,"4,910",4910,103.8,"21,140.00",,,商業,thomsonroad115.jpg,MR LEUNG,SMART PRO PROPERTY LIMITED,原業主持貨62年，帳面勁賺逾1.09億，物業期間升值約1409倍。,https://www.singtaousa.com/2022-04-14/%e6%9c%80%e6%96%b0%e5%b7%a5%e5%95%86%e9%8b%aa%e6%88%90%e4%ba%a4%e2%94%82%e7%81%a3%e4%bb%94%e8%ad%9a%e8%87%a3%e9%81%93%e5%85%a8%e5%b9%a2%e5%95%86%e4%bd%8f%e6%a8%931-1%e5%84%84%e5%94%ae-%e9%95%b7/4029036,,114.174,22.2772,835971.8,815371,114.174,22.2772,835971.8,815371
14/1/2021,HK,WCI,灣仔,177-179 Wan Chai Road,灣仔道177-179號,Pao Woo Mansion,保和大廈,Office,辦公室,"地下
一樓",15,NA,"1700
11000",12700,115,"9,055.12",NA,NA,住宅（甲類）,wanchairoad177-179.jpg,鄧成波,PROFIT SOURCE PROPERTIES LIMITED,,,,114.1773,22.2769,836311.9,815337.8,114.1773,22.2769,836311.9,815337.8
19/6/2019,HK,HV,跑馬地,1 Wang Tak Street,宏德街1號,,,Hotel,酒店,全幢,,NA,"10,627",10627,1052,"98,993.13",NA,NA,住宅（乙類）,wangtakstreet1.jpg,無原業主資料,RICH GALLANT INVESTMENT LIMITED,,https://ps.hket.com/article/2436798,,114.1839,22.2683,836992.1,814385.5,114.1839,22.2683,836992.1,814385.5
9/3/2022,HK,WES,西環,8-10A Water Street ,水街8-10A號 及 第三街155號,,,CAP545,強拍,全幢,,"3,009",,,355,,27077,13111,住宅（甲類）,waterstreet8-10a.jpg,無原業主資料,新世界 (COURAGE INVESTMENTS LIMITED),強拍，地積比率約9倍,https://hd.stheadline.com/news/realtime/pp/2307380/%E5%8D%B3%E6%99%82-%E5%9C%B0%E7%94%A2-%E8%88%8A%E6%A8%93%E5%BC%B7%E6%8B%8D-%E8%B2%A1%E5%9C%98%E5%85%B17-2%E5%84%84%E7%B5%B1%E4%B8%80%E8%A5%BF%E7%87%9F%E7%9B%A4%E5%85%A9%E8%88%8A%E6%A8%93%E6%A5%AD%E6%AC%8A,,114.1391,22.286,832375.2,816345.9,114.1391,22.286,832375.2,816345.9
18/8/2021,HK,ABD,香港仔,3 Welfare Road,惠福道3號,Jumbo Court,珍寶閣,Car Park,車位,地下,509個車位,NA,NA,NA,410.3, NA ,NA,NA,住宅（甲類）,welfareroad3.jpg,MR HO,鄧先生,,https://hk.news.yahoo.com/%E9%BB%83%E7%AB%B9%E5%9D%91%E6%83%A0%E7%A6%8F%E9%81%933%E8%99%9F%E7%8F%8D%E5%AF%B6%E9%96%A3%E5%81%9C%E8%BB%8A%E5%A0%B4%E5%85%B1509%E5%80%8B%E8%BB%8A%E7%AB%8B%E6%A8%99%E5%94%AE-101839051.html,,114.1647,22.2459,835013,811905.1,114.1647,22.2459,835013,811905.1
10/9/2021,HK,CRL,中環,154-156 Wellington Street,威靈頓街154-156號,,,Composite Building,商住大廈,全幢,,,5493,5493,237,43146,,,商業,wellingtonstreet154.jpg,MR WONG,資本策略 (DOUBLE COSMOS LIMITED),賣方售後租回#154號閣樓及1樓及#156號地舖、閣樓及1樓。,https://hd.stheadline.com/news/realtime/pp/2266826/%E5%8D%B3%E6%99%82-%E5%9C%B0%E7%94%A2-%E8%B3%87%E6%9C%AC%E7%AD%96%E7%95%A52-37%E5%84%84%E8%B3%BC%E4%B8%AD%E7%92%B0%E8%88%8A%E6%A8%93,,114.1535,22.2841,833859.2,816135.2,114.1535,22.2841,833859.2,816135.2
2/10/2019,HK,CRL,中環,42-50 Wellington Street,威靈頓街42-50號,Winway Building,華威大廈,Commercial Building,商業大廈,全幢,,NA,"34,243",34243,780,"22,778.38",NA,NA,商業,wellingtonstreet42-50.jpg,MS LAU,EASY MEGA INVESTMENT LIMITED,,,,114.1554,22.2816,834054.9,815858.4,114.1554,22.2816,834054.9,815858.4
19/8/2019,HK,CRL,中環,92 Wellington Street,威靈頓街92號,,,Composite Building,商住大廈,"地下
二樓
三樓
四樓
其他",全層,NA,"680
576
576
576
576",2984,185,"61,997.32",NA,NA,商業,wellingtonstreet92.jpg,MR YEUNG,DIGITAL POINT LIMITED,,https://ps.hket.com/article/2431022,,114.1546,22.2828,833972.5,815991.3,114.1546,22.2828,833972.5,815991.3
26/4/2021,HK,CRL,中環,97 Wellington Street,威靈頓街97號,Welley Building,威利大廈,Shop,商舖,高層地下,H,NA,"2,400",2400,135,"56,250.00",NA,NA,商業,wellingtonstreet97.jpg,LET KIND LIMITED,JIBSEN DEVELOPMENT COMPANY LIMITED,,https://www.bastillepost.com/hongkong/article/8352923-%e7%99%be%e5%b9%b4%e8%80%81%e5%ba%97%e3%80%8c%e6%98%a5%e5%9b%9e%e5%a0%82%e3%80%8d1-35%e5%84%84%e6%b2%bd%e5%a8%81%e9%9d%88%e9%a0%93%e8%a1%97%e9%8b%aa,,114.1542,22.2835,833931.3,816068.8,114.1542,22.2835,833931.3,816068.8
16/9/2021,HK,SWA,上環,57-59 Wing Lok Street,永樂街57-59號,,,Commercial Building,商業大廈,全幢,,1609,"10,921",10921,270,24723,24138,11186,商業,winglokstreet59.jpg,MR LAU,FORSHINGHAM LIMITED,據悉，物業地舖正租予優品360，而樓上商用單位亦全數租出，每月租金收入約39.1萬元，即買家可享租金回報約1.7厘,https://news.mingpao.com/pns/%E7%B6%93%E6%BF%9F/article/20210909/s00004/1631124303040/%E4%B8%8A%E7%92%B0%E6%B0%B8%E6%A8%82%E8%A1%9759%E8%99%9F%E5%85%A8%E5%B9%A22-8%E5%84%84%E6%98%93%E6%89%8B,,114.1526,22.2859,833766.4,816334.6,114.1526,22.2859,833766.4,816334.6
22/2/2018,HK,SWA,上環,82-86 Wing Lok Street,永樂街82-86號,Foo Cheong Building,富昌大廈,Composite Building,商住大廈,全幢,,,"20,000",20000,498.44,16614.67,NA,NA,商業,winglokstreet82-86.jpg,KAILONG PROPERTY MANAGEMENT (HONG KONG) LIMITED,TALENT SUCCESS DEVELOPMENT LIMITED,"永樂街78-9號已獲屋宇署批准圖則，重建一幢25層高商業大廈，GFA 67,754平方呎。",,,114.1505,22.286,833550,816345.7,114.1505,22.286,833550,816345.7
31/10/2019,HK,ABD,香港仔,42 Wong Chuk Hang Road,黃竹坑道42號,Remex Centre,利美中心,Workshop,工廠,"地下
十樓
十七樓
其他樓層
其他",全層,NA,"10000
10543
10543
19822
19822",70730,499.7,"9,815.75",NA,NA,其他指定用途,wongchukhangroad42.jpg,MR LAM,NMC 9 LIMITED,,,,114.1667,22.2486,835219.2,812204,114.1667,22.2486,835219.2,812204
23/7/2018,HK,WCI,灣仔,1-1A Wood Road,活道1-1A號,,,CAP545,強拍,全幢,,"4,650",,,485,,"40,000",12125,住宅（甲類）,woodroad1-1a.jpg,無原業主資料,盈信控股 (WOOD ONE KEEPRICH LIMITED),強拍，地積比率約8.6倍,https://ps.hket.com/article/2059574,,114.1779,22.2773,836373.7,815382.1,114.1779,22.2773,836373.7,815382.1
29/5/2018,HK,WCI,灣仔,13 Wood Road,活道13號,,,Shop,商舖,地下,全層,NA,"1,800",1800,108.55,"60,305.56",NA,NA,住宅（甲類）,woodroad13_gf.jpg,MR LAI,ORIENTAL MOON LIMITED,,https://finance.mingpao.com/fin/daily/20180530/1527621531274/%E6%81%92%E5%9C%B01-5%E5%84%84%E8%B3%BC%E6%B4%BB%E9%81%93%E4%B8%80%E7%B1%83%E5%AD%90%E7%89%A9%E6%A5%AD,,114.1778,22.277,836363.4,815348.9,114.1778,22.277,836363.4,815348.9
19/3/2019,HK,WCI,灣仔,15 Wood Road,活道15號,Au'S Building,歐士大廈,Shop,商舖,"地下
自建閣",全層,NA,"1825
1800",3625,145,"40,000.00",NA,NA,住宅（甲類）,woodroad15_gf.jpg,LEE TAT SHING,ORIENTAL MOON LIMITED,,,,114.1541,22.282,833920.9,815902.7,114.1541,22.282,833920.9,815902.7
23/6/2021,HK,CAB,銅鑼灣,46-54 Yee Wo Street,怡和街46-54號,Mcdonald'S Building,麥當勞大廈,Shop,商舖,"地下
地庫","A,F",NA,"650
4255",4905,210,"42,813.46",NA,NA,商業（1）,yeewostreet46-54_gf.jpg,MR TANG,SHINING PERAL LIMITED,,,,114.1859,22.2796,837198.2,815636.8,114.1859,22.2796,837198.2,815636.8
20/8/2021,HK,CAB,銅鑼灣,39 Yiu Wa Street,耀華街39號,Nam Hing Fong,南慶坊,Shop,商舖,全幢,,NA,"1,299",1299,360,"277,136.26",NA,NA,商業,yiuwastreet39.jpg,無原業主資料,WELOVEFUN INVESTMENT COMPANY LIMITED,,,,114.1815,22.2774,836744.7,815393.2,114.1815,22.2774,836744.7,815393.2
19/1/2022,KLN,TST,尖沙咀,21-21A Ashley Road,亞士厘道21-21A號,,,Composite Building,商住大廈,全幢,,2592,,10836,169.15,,,,商業（6）,ashleyroad21.jpg,資本策略,羅建一 (建灝地產)先生,"亞士厘道21至27號，地盤面積約8,107方呎，已獲批建一座商業大廈，以可建總樓面約97,284方呎計，每方呎樓面地價約1.85萬元。",,,114.1704,22.2971,835600.8,817574.6,114.1704,22.2971,835600.8,817574.6
19/1/2022,KLN,TST,尖沙咀,27 Ashley Road,亞士厘道27號,,,Composite Building,商住大廈,全幢,,2100,,19707,471.04,,,,商業（6）,ashleyroad21.jpg,資本策略,羅建一 (建灝地產)先生,"亞士厘道21至27號，地盤面積約8,107方呎，已獲批建一座商業大廈，以可建總樓面約97,284方呎計，每方呎樓面地價約1.85萬元。",,,114.1704,22.2971,835600.8,817574.6,114.1704,22.2971,835600.8,817574.6
19/1/2022,KLN,TST,尖沙咀,23-25 Ashley Road,亞士厘道23-25號,,,Composite Building,商住大廈,全幢,,3415,NA,39057,765.83,,,,商業（6）,ashleyroad21.jpg,資本策略,K MOTION LIMITED (建灝地產）,"亞士厘道21至27號，地盤面積約8,107方呎，已獲批建一座商業大廈，以可建總樓面約97,284方呎計，每方呎樓面地價約1.85萬元。",https://www.realtysolution.com.hk/index/articles/show/id/2943.html,,114.1703,22.2971,835590.5,817574.6,114.1703,22.2971,835590.5,817574.6
12/8/2019,KLN,TST,尖沙咀,134 Austin Road,柯士甸道134號,Tai Chi Court,太極大樓,Shop,商舖,"地下
一樓",D (1/F),NA,"2000
1000",3000,108,"36,000.00",NA,NA,商業,austinroad134.jpg,YAN YAN MOTORS LIMITED,鄧成波先生,,,,114.1738,22.3032,835951.2,818250.1,114.1738,22.3032,835951.2,818250.1
2/2/2021,KLN,HUM,紅磡,179-181 Bulkeley Street,寶其利街179-181號,The I House,,Hotel,酒店,全幢,,,13943,13943,125,8965.07,,,住宅（甲類）（4）,bulkeleystreet179-181.jpg,SINOCITI LIMITED,"ECC INVESTMENT LIMITED，其公司董事為邱詠賢（CHIU, JENNIFER WENDY）。邱詠賢為已故遠東集團創辦人邱德根的孫女。",提供54間客房，是次成交價較去年11月意向價低約30%。,https://www.hk01.com/%E5%9C%B0%E7%94%A2%E6%A8%93%E5%B8%82/582421/%E5%90%8D%E4%BA%BA%E5%85%A5%E5%B8%82-%E5%B7%B2%E6%95%85%E5%AF%8C%E5%95%86%E9%82%B1%E5%BE%B7%E6%A0%B9%E5%AD%AB%E5%A5%B3%E9%82%B1%E8%A9%A0%E8%B3%A2-%E6%96%A51-25%E5%84%84%E8%B3%BC%E7%B4%85%E7%A3%A1%E9%85%92%E5%BA%97,,114.1835,22.3084,836950.7,818825.9,114.1835,22.3084,836950.7,818825.9
19/12/2019,KLN,TST,尖沙咀,37 Cameron Road,金馬倫道37號全幢,On Lee Commercial Building,安利商業大廈,Commercial Building,商業大廈,全幢,,NA,25280,25280,448,17721.52,NA,NA,商業（6）,cameronroad37.jpg,無原業主資料,Mr LEE / POON,,https://ps.hket.com/article/2523997,,114.1752,22.2995,836095.5,817840.4,114.1752,22.2995,836095.5,817840.4
21/1/2021,KLN,TST,尖沙咀,6 Cameron Road,金馬倫道6號全幢,,,Composite Building,商住大廈,"地下
一樓
二樓
其他樓層
其他",全層,NA,"1000
1000
1000
1000
1000",5000,368,73600,NA,NA,住宅（甲類）(8),cameronroad6.jpg,MS LAU,WINLAND TST LIMITED,,https://ps.hket.com/article/2858664,,114.1728,22.2986,835848.2,817740.7,114.1728,22.2986,835848.2,817740.7
22/11/2019,KLN,TST,尖沙咀,6 Cameron Road,金馬倫道6號全幢,,,Composite Building,商住大廈,全幢,,NA,7000,7000,162,23142.86,NA,NA,商業（6）,cameronroad6.jpg,無原業主資料,Miss LAU,,,,114.1728,22.2986,835848.2,817740.7,114.1728,22.2986,835848.2,817740.7
18/10/2021,KLN,TST,尖沙咀,6A Cameron Road,金馬倫道6A號全幢,,,Shop,商舖,"地下
一樓
二樓
其他樓層
其他",全層,NA,"1200
800
800
1600
1600",6000,313.68,52280,NA,NA,商業（6）,cameronroad6a.jpg,無原業主資料,Mr LAU (永倫),,,,114.1728,22.2986,835848.2,817740.7,114.1728,22.2986,835848.2,817740.7
15/10/2019,KLN,TST,尖沙咀,6A Cameron Road,金馬倫道6A號全幢,,,Composite Building,商住大廈,"地下
一樓
二樓
其他樓層
其他",全層,NA,"1200
800
800
1600
1600",6000,298,67727.27,NA,NA,商業（6）,cameronroad6a.jpg,MR SIU,TOP GLAMOUR LIMITED,,,,114.1728,22.2986,835848.2,817740.7,114.1728,22.2986,835848.2,817740.7
31/5/2022,KLN,JOD,佐敦,530-536 Canton Road,廣東道530-536號,,四海玉器中心,Shop,商舖,"全幢
其他",全層,NA,"8392
2000",10392,192,"22,878.93",NA,NA,住宅（甲類）,cantonroad530-536.jpg,PROFIT JET HOLDINGS LIMITED,PROFIT JET HOLDINGS LIMITED,,https://www.hk01.com/%E5%9C%B0%E7%94%A2%E6%A8%93%E5%B8%82/764398/%E6%8A%95%E8%B3%87%E8%80%85%E6%9D%8E%E6%A0%A2%E6%99%AF1-92%E5%84%84%E6%B2%BD%E4%BD%90%E6%95%A6%E5%9B%9B%E6%B5%B7%E7%8E%89%E5%99%A8%E4%B8%AD%E5%BF%83-%E5%B8%B3%E8%B3%BA%E8%BF%91%E5%85%AB%E5%8D%83%E8%90%AC,,114.1683,22.3066,835384.5,818626.6,114.1683,22.3066,835384.5,818626.6
26/1/2021,KLN,CSW,長沙灣,291 Castle Peak Road,青山道291號全幢,,發祥大廈,Composite Building,商住大廈,全幢,,NA,2880,2880,221.9,77048.61,NA,NA,住宅（甲類）(8),castlepeakroad291.jpg,MARVEL SINO HOLDINGS LIMITED,SMART BASE HOLDINGS LIMITED,,,,114.1572,22.3376,834241.2,822059.5,114.1572,22.3376,834241.2,822059.5
3/7/2019,KLN,CSW,長沙灣,300 Castle Peak Road,青山道300號全幢,,,Shop,商舖,地下,全層,NA,1000,1000,118,118000,NA,NA,住宅（甲類）(8),castlepeakroad300.jpg,無原業主資料,Mr CHOI,,https://www1.hkej.com/dailynews/articlePrint/id/2185128,,114.1569,22.3381,834210.3,822114.9,114.1569,22.3381,834210.3,822114.9
15/1/2021,KLN,CSW,長沙灣,550-556 Castle Peak Road,青山道550-556號全幢,Hang Fat Industrial Building,恆發工業大廈,Industrial Building,工業大廈,全幢,,NA,156087,156087,965,6182.45,NA,NA,其他指定用途,castlepeakroad550-556.png,無原業主資料,PROSPER WAY LIMITED,,https://ps.hket.com/article/2853687,,114.1504,22.3393,833540.7,822247.9,114.1504,22.3393,833540.7,822247.9
21/9/2020,KLN,TST,尖沙咀,121-123 Chatham Road South,漆咸道南121-123號,Winston Mansion,永業大廈,Shop,商舖,"地下
入則閣","B-F 
A-H",NA,"1598
3595",5193,106,"20,412.09",NA,NA,商業,chathamroadsouth121-123.jpg,無原業主資料,Mr CHEUNG MING KWOK,,,,114.1765,22.3021,836229.4,818128.3,114.1765,22.3021,836229.4,818128.3
7/7/2021,KLN,TST,尖沙咀,39 Chatham Road South,漆咸道南39號,Railway Plaza,鐵路大廈,Shop,商舖,地下,B,NA,6716,6716,206.8,"30,792.14",NA,NA,商業（6）,chathamroadsouth39.jpg,MR TANG,Mr CHAN HUNG MING (佳明集團),,https://www.hk01.com/%E5%9C%B0%E7%94%A2%E6%A8%93%E5%B8%82/632819/%E9%84%A7%E6%88%90%E6%B3%A2%E5%AE%B6%E6%97%8F%E9%80%BE2%E5%84%84%E6%B2%BD%E5%B0%96%E6%B2%99%E5%92%80%E9%90%B5%E8%B7%AF%E5%A4%A7%E5%BB%88%E5%9C%B0%E8%88%96-%E4%BD%B3%E6%98%8E%E9%9B%86%E5%9C%98%E6%8E%A5%E8%B2%A8,,114.1754,22.2984,836116.1,817718.6,114.1754,22.2984,836116.1,817718.6
16/5/2019,KLN,CSW,長沙灣,650 Cheung Sha Wan Road,長沙灣道650號,Cst,中國船舶大廈,Shop,商舖,一樓,全層,NA,13816,13816,172.7,"12,500.00",NA,NA,商業（5）,cheungshawanroad650_1f.jpg,無原業主資料,MULTIPLY DOUBLE LIMITED,,,,114.1523,22.3388,833736.5,822192.5,114.1523,22.3388,833736.5,822192.5
2/5/2019,KLN,CSW,長沙灣,650 Cheung Sha Wan Road,長沙灣道650號,Cst,中國船舶大廈,Shop,商舖,二樓,全層,NA,20016,20016,250,"12,490.01",NA,NA,商業（5）,cheungshawanroad650_2f.jpg,無原業主資料,LONG KAN PROPERTIES LIMITED,,,,114.1523,22.3388,833736.5,822192.5,114.1523,22.3388,833736.5,822192.5
10/6/2020,KLN,CSW,長沙灣,924-926 Cheung Sha Wan Road,長沙灣道924-926號全幢,Centennial Building,千禧大廈,Industrial Building,工業大廈,其他樓層 ,全層,NA,116000,116000,790,6810.34,NA,NA,其他指定用途,cheungshawanroad924-926.png,無原業主資料,1 PLUS 15 INVESTMENT COMPANY LIMITED,,https://finance.mingpao.com/fin/instantp/20200306/1583471181312/%E3%80%90%E7%96%AB%E5%B8%82%E9%87%8D%E5%BB%BA%E3%80%91%E7%AC%AC%E4%B8%80%E9%9B%86%E5%9C%987-9%E5%84%84%E8%B3%BC%E9%95%B7%E6%B2%99%E7%81%A3%E5%B7%A5%E5%BB%88%E9%87%8D%E5%BB%BA,,114.1458,22.3367,833066.8,821960,114.1458,22.3367,833066.8,821960
21/5/2020,KLN,CSW,長沙灣,7 Cheung Wah Street,昌華街7號,,,Composite Building,商住大廈,全幢,,NA,1200,1200,182.3,"151,916.67",NA,NA,住宅（甲類）(8),cheungwahstreet7.jpg,EQUAL GLORY LIMITED,WELL CENTURY HOLDINGS LIMITED,,,,114.1528,22.3384,833788,822148.1,114.1528,22.3384,833788,822148.1
24/9/2021,KLN,KLC,九龍城,15 Cumberland Road,金巴倫道15號全幢,Evangel Seminary,播道神學院,Residential Building,住宅大廈,全幢,,NA,"10,180",10180,200,19646.37,NA,NA,住宅（丙類）（1）,cumberlandroad15.jpg,無原業主資料,Mr LAM KING MAN,,https://www1.hkej.com/dailynews/articlePrint/id/2922509,,114.1768,22.3285,836260.3,821051.7,114.1768,22.3285,836260.3,821051.7
18/3/2022,KLN,WTS,黃大仙,31-41 Fei Fung Street,飛鳳街31-41號,Cheng Fung Mansion,正鳳樓,Shop,商舖,地下, 1-6,NA,4800,4800,257,"53,541.67",NA,NA,住宅（甲類）(1),feifungstreet31-41.jpg,無原業主資料,Mr Tang,,,,114.1965,22.3436,838289.7,822723.9,114.1965,22.3436,838289.7,822723.9
13/2/2020,KLN,WTS,黃大仙,45 Fei Fung Street,飛鳳街45號,Rainbow Home,天虹之家,Shop,商舖,"地下
一樓",全層,NA,"7000
7000",14000,225,"16,071.43",NA,NA,住宅（甲類）（1）,feifungstreet45.jpg,無原業主資料,Mr TSAO SING YUEN WILLY,,,,114.1962,22.3436,838258.8,822723.9,114.1962,22.3436,838258.8,822723.9
28/6/2019,KLN,TKT,大角咀,1-15 Fuk Tsun Street,福全街1-15號,Iclub Mong Kok Hotel,富薈旺角酒店,Hotel,酒店,全幢,,7815,NA,NA,810.81, NA ,?,?,住宅（甲類）,fuktsunstreet1-15.jpg,無原業主資料,Mr LAW,,,,114.1653,22.3203,835075.5,820143.7,114.1653,22.3203,835075.5,820143.7
5/6/2019,KLN,TKT,大角咀,31 Fuk Tsun Street,福全街31號全幢,,,Commercial Building,商業大廈,全幢,,4403,NA,NA,410, NA ,39627,10346,住宅（甲類）,fuktsunstreet31.jpg,無原業主資料,Mr NG TAI YIN VICTOR,,https://finance.mingpao.com/fin/dailyp/20190510/1557426642373/%E8%A3%95%E6%B3%B0%E8%88%88%E5%AE%B6%E6%97%8F4-1%E5%84%84%E6%B2%BD%E7%A6%8F%E5%85%A8%E8%A1%97%E5%9C%B0%E7%9B%A4,,114.1644,22.3209,834982.8,820210.1,114.1644,22.3209,834982.8,820210.1
23/2/2022,KLN,CSW,長沙灣,520-530 Fuk Wing Street,福榮街520-530號,Hung Shun Chun Building,孔淑珍樓,Shop,商舖,"地下
一樓
二樓",B,NA,"560
6500
6500",13560,210,"15,486.73",NA,NA,住宅（甲類）,fukwingstreet520-530.jpg,無原業主資料,Mr LAU / MS HO,,,,114.1535,22.3393,833860.1,822247.8,114.1535,22.3393,833860.1,822247.8
17/9/2021,KLN,KLC,九龍城,28B Grampian Road,嘉林邊道28B號,Kowloon Cannan Anglo-Chinese Kindergarten,九龍迦南中英文幼稚園,Shop,商舖,地下,全層,NA,2500,2500,120,"48,000.00",NA,NA,住宅（乙類）,grampianroad28b.jpg,無原業主資料,林薇女士,,,,114.1869,22.3306,837300.9,821284.3,114.1869,22.3306,837300.9,821284.3
30/12/2021,KLN,TST,尖沙咀,3 Granville Circuit,嘉蘭圍3號全幢,,,Composite Building,商住大廈,全幢,,3660,NA,NA,385, NA ,44000,8750,商業（6）,granvillecircuit3.jpg,無原業主資料,WEALTHY STAR INTERNATIONAL LIMITED(興紡）,,https://std.stheadline.com/daily/article/2374357/%E6%97%A5%E5%A0%B1-%E5%9C%B0%E7%94%A2-%E9%84%A7%E6%88%90%E6%B3%A2%E5%AE%B6%E6%97%8F%E5%B0%96%E5%8D%80%E5%9C%B0%E7%9B%A43-85%E5%84%84%E7%8D%B2%E6%B4%BD,,114.1754,22.3,836116.1,817895.7,114.1754,22.3,836116.1,817895.7
13/4/2022,KLN,TKW,土瓜灣,14-16 Ha Heung Road,下鄉道14-16號 及 麗華街1至8號,Yick Man Building,益民大廈,CAP545,強拍,全幢,,9733,,,925,,83000,11149,住宅（甲類）,haheungroad14-16.jpg,無原業主資料,恒地 (CITY FAIR DEVELOPMENT LIMITED),強拍，地積比率約8.524倍,https://ps.hket.com/article/3205614,,114.1889,22.3164,837507,819711.8,114.1889,22.3164,837507,819711.8
30/5/2022,KLN,TST,尖沙咀,31 Hankow Road,漢口道31號,,,Shop,商舖,"地下
閣樓",全層,NA,2400,2400,160,"66,666.67",NA,NA,商業（6）,hankowroad31.jpg,Mr TAM PAK WING,ON SPECIAL LIMITED,,,,114.171,22.2972,835662.7,817585.7,114.171,22.2972,835662.7,817585.7
1/6/2022,KLN,TST,尖沙咀,33 Hankow Road,漢口道33號,,,Shop,商舖,"地下
入則閣",全層,NA,"1500
1000",2500,158.8,"63,520.00",NA,NA,商業（6）,hankowroad33.jpg,MR CHEUNG,無新業主資料,,,,114.171,22.2973,835662.7,817596.8,114.171,22.2973,835662.7,817596.8
30/5/2022,KLN,TST,尖沙咀,33A Hankow Road,漢口道33A號,,,Shop,商舖,地下,全層,NA,2800,2800,135,"48,214.29",NA,NA,商業（6）,hankowroad33a.jpg,Mr HUI,ON SPECIAL LIMITED,,,,114.1709,22.2973,835652.4,817596.8,114.1709,22.2973,835652.4,817596.8
17/3/2020,KLN,TST,尖沙咀,42 Hillwood Road,山林道42號,Kwok Kwong Building,國光大廈,Shop,商舖,"地下
入則閣",全層,NA,"1200
600",1800,119.19,"66,216.67",NA,NA,商業,hillwoodroad42.jpg,無原業主資料,Mr LEE,,,,114.1741,22.3027,835982.1,818194.7,114.1741,22.3027,835982.1,818194.7
28/9/2021,KLN,KTG,觀塘,62 Hoi Yuen  Road,開源道62號,Camel Paint Building,駱駝漆大廈,Workshop,工廠,一樓,全層,NA,14795,14795,100,"6,759.04",NA,NA,其他指定用途,hoiyuenroad62.jpg,無原業主資料,Mr Chong,,,,114.2249,22.3102,841216.4,819026,114.2249,22.3102,841216.4,819026
21/10/2021,KLN,KLC,九龍城,20 Kent Road,根德道20號全幢,,,Residential Building,住宅大廈,全幢,,10866,NA,NA,250, NA ,6520,38344,住宅（丙類）（1）,kentroad20.jpg,無原業主資料,Mr LEUNG,,https://www.hk01.com/%E5%9C%B0%E7%94%A2%E6%A8%93%E5%B8%82/689610/%E7%AC%AC%E4%B8%80%E9%9B%86%E5%9C%982-5%E5%84%84%E6%94%B6%E8%B3%BC%E4%B9%9D%E9%BE%8D%E5%A1%98%E6%A0%B9%E5%BE%B7%E9%81%9320%E8%99%9F-%E6%93%AC%E5%BB%BA%E7%8D%A8%E7%AB%8B%E5%B1%8B,,114.1763,22.3396,836208.8,822280.8,114.1763,22.3396,836208.8,822280.8
25/11/2020,KLN,SSP,深水埗,1-7 Ki Lung Street,基隆街1-7號,,,Composite Building,商住大廈,全幢,,3866,NA,NA,347.5, NA ,34794,9987.354142,住宅（甲類）,kilungstreet1-7.jpg,無原業主資料,ONE KL DEVELOPMENT LIMITED,,https://www.hk01.com/%E5%9C%B0%E7%94%A2%E6%A8%93%E5%B8%82/593372/%E6%A8%82%E9%A2%A8%E9%9B%86%E5%9C%98%E7%AD%896-27%E5%84%84%E7%B5%B1%E4%B8%80%E5%9F%BA%E9%9A%86%E8%A1%971%E8%87%B315%E8%99%9F-%E6%93%AC%E9%87%8D%E5%BB%BA%E7%82%BA%E4%BD%8F%E5%AE%85,,114.1674,22.3244,835291.9,820597.7,114.1674,22.3244,835291.9,820597.7
15/10/2019,KLN,TST,尖沙咀,28 Kimberley Road,金巴利道28號全幢,The Kimberley Hotel,君怡酒店,Hotel,酒店,全幢,,NA,37500,37500,4295.7,114552,NA,NA,商業（2）,kimberleyroad28.jpg,無原業主資料,PLEASURE BRIGHT HOLDINGS LIMITED,,https://www.hk01.com/%E8%B2%A1%E7%B6%93%E5%BF%AB%E8%A8%8A/387029/%E5%B0%96%E6%B2%99%E5%92%80%E5%90%9B%E6%80%A1%E9%85%92%E5%BA%97%E4%BB%A5%E8%BF%9143%E5%84%84%E5%85%83%E6%98%93%E6%89%8B,,114.1738,22.3005,835951.2,817951.1,114.1738,22.3005,835951.2,817951.1
19/5/2020,KLN,TST,尖沙咀,49-51 Kimberley Road,金巴利道49-51號,Kam Hing Mansion,金興大廈,Shop,商舖,"地下
天井",A,NA,"1100
300",1400,123.31,"88,078.57",NA,NA,商業（6）,kimberleyroad49-51_gf_a.jpg,FULL TALENT GLOBAL (HONG KONG) LIMITED,徐凱祥先生,,https://ps.hket.com/article/2633978,,114.1744,22.3009,836013,817995.4,114.1744,22.3009,836013,817995.4
19/5/2020,KLN,TST,尖沙咀,49-51 Kimberley Road,金巴利道49-51號,Kam Hing Mansion,金興大廈,Shop,商舖,"地下
一樓",B,NA,"1100
1000",2100,123.09,"58,614.29",NA,NA,商業（6）,kimberleyroad49-51_gf_b.jpg,RIGHT SURPLUS DEVELOPMENTS (HONG KONG) LIMITED,EXCEL CASTLE INTERNATIONAL (HK) LIMITED,,https://ps.hket.com/article/2633978,,114.1744,22.301,836013,818006.5,114.1744,22.301,836013,818006.5
9/9/2019,KLN,TST,尖沙咀,18 Kimberley Street,金巴利街18號全幢,Champagne Court Block A,香檳大廈A座,Composite Building,商住大廈,"地下
其他",全層,NA,16634,16634,115,6913.55,NA,NA,商業（6）,kimberleystreet18.jpg,MR YAN,K18 PROPERTY LIMITED（權智集團）,,https://finance.mingpao.com/fin/instantp/20190909/1568020817023/%E5%BF%AB%E8%AD%AF%E9%80%9A%E5%89%B5%E8%BE%A6%E4%BA%BA1-5%E5%84%84%E8%B3%BC%E9%87%91%E5%B7%B4%E5%88%A9%E8%A1%97%E8%88%8A%E6%A8%93,,114.173,22.3003,835868.8,817929,114.173,22.3003,835868.8,817929
25/5/2022,KLN,JOD,佐敦,52-56 Kwun Chung Street,官涌街52-56號全幢,,,Hotel,酒店,全幢,,NA,17798,17798,221.5,12445.22,NA,NA,住宅（甲類）,kwunchungstreet52-56.jpg,無原業主資料,DIAMOND VISION LIMITED,,,,114.1687,22.3045,835425.7,818394.1,114.1687,22.3045,835425.7,818394.1
12/1/2022,KLN,MGK,旺角,33 Lai Chi Kok Road,荔枝角道33號,Cite33,百匯軒,Shop,商舖,地下,3-Apr,NA,3589,3589,130.1,"36,249.65",NA,NA,住宅（甲類）,laichikokroad33.jpg,MS WU,KUS INVESTMENTS COMPANY LIMITED,,https://news.mingpao.com/pns/%E7%B6%93%E6%BF%9F/article/20220113/s00004/1642010934886/%E6%81%92%E5%9C%B01-3%E5%84%84%E6%B2%BD%E5%A4%AA%E5%AD%90%E7%99%BE%E5%8C%AF%E8%BB%92%E8%88%96,,114.1678,22.3227,835333.1,820409.4,114.1678,22.3227,835333.1,820409.4
24/3/2022,KLN,CSW,長沙灣,888 Lai Chi Kok Road,荔枝角道888號,,,Car Park,車位,"地下
地庫一樓",70 個私家車位，15個輕型車位，5個電單車位,NA,NA,NA,142.8, NA ,NA,NA,政府、機構或社區,laichikokroad888.jpg,無原業主資料,Mr CHOY PARK NANG,,,,114.1461,22.3352,833097.7,821793.9,114.1461,22.3352,833097.7,821793.9
23/5/2019,KLN,MGK,旺角,13-13A Liberty Avenue,自由道13-13A號,,,Composite Building,商住大廈,其他樓層 ,全層,2445,NA,NA,249.1, NA ,22005,11320.15,住宅（甲類）,libertyavenue13-13a.jpg,無原業主資料,CHINA STEP CORPORATION LIMITED,,https://www2.hkej.com/property/article/id/2116365/%E8%90%AC%E7%A7%91%E5%BA%95%E5%83%B92.49%E5%84%84%E7%B5%B1%E4%B8%80%E8%87%AA%E7%94%B1%E9%81%9313%E5%8F%8A13A%E8%99%9F%E6%A5%AD%E6%AC%8A,,114.1746,22.319,836033.7,819999.7,114.1746,22.319,836033.7,819999.7
23/7/2019,KLN,MGK,旺角,9 Liberty Avenue,自由道9號,,,Composite Building,商住大廈,全幢,,4778,NA,NA,451, NA ,43000,10500,住宅（甲類）,libertyavenue9.jpg,無原業主資料,CHINA STEP CORPORATION LIMITED,,https://ps.hket.com/article/2381001,,114.1745,22.3189,836023.4,819988.6,114.1745,22.3189,836023.4,819988.6
19/7/2019,KLN,MGK,旺角,9 Liberty Avenue,自由道9號,,,Composite Building,商住大廈,地下,全層,NA,,,149.64,#DIV/0!,NA,NA,住宅（甲類）,libertyavenue9.jpg,無原業主資料,Mr LAM,,,,114.1745,22.3189,836023.4,819988.6,114.1745,22.3189,836023.4,819988.6
5/10/2021,KLN,KTG,觀塘,8 Lin Tak Road,連德道8號,Hing Tin Estate,興田邨,Shop,商舖,其他樓層 ,全層,NA,28313,28313,220,"7,770.28",NA,NA,住宅（甲類）,lintakroad8.jpg,無原業主資料,魏仕成先生,,,,114.2399,22.3133,842761.8,819369.9,114.2399,22.3133,842761.8,819369.9
19/7/2021,KLN,KLC,九龍城,1 Lion Rock Road,獅子石道1號,1 Lion Rock Road,獅子石道1號,Shop,商舖,"地下
一樓","1-2
3",NA,"3609
3998",7607,115,"15,117.65",NA,NA,住宅（甲類）(2),lionrockroad1.jpg,MS LAW,CHEUNG SIEN & COMPANY LIMITED,,,,114.188,22.3279,837414.2,820985.3,114.188,22.3279,837414.2,820985.3
25/5/2022,KLN,KLC,九龍城,29-31 Lion Rock Road,獅子石道29-31號全幢,Cameron Mansion,金倫樓,Shop,商舖,"地舖
一樓
平台",全層,NA,"2451
1859
485",4795,180,37539.1,NA,NA,住宅（甲類）(2),lionrockroad29-31.jpg,無原業主資料,Miss YUEN,,https://www.hk01.com/%E5%9C%B0%E7%94%A2%E6%A8%93%E5%B8%82/774108/%E7%9C%81%E5%96%84%E7%9C%9F%E5%A0%821-8%E5%84%84%E6%B2%BD%E4%B9%9D%E9%BE%8D%E5%9F%8E%E5%96%AE%E5%B9%A2%E6%A8%93-%E8%93%AC%E7%80%9B%E4%BB%99%E9%A4%A8%E6%8E%A5%E8%B2%A8,,114.188,22.3285,837414.2,821051.7,114.188,22.3285,837414.2,821051.7
5/11/2021,KLN,SPK,新蒲崗,3 Luk Hop Street,六合街3號全幢,Tai Yau Building,大有大廈,Industrial Building,工業大廈,全幢,,NA,"5694
5694
5694
22776",39858,247.21,6202.27,NA,NA,其他指定用途,lukhopstreet3.png,無原業主資料,林子峰先生,,https://www.hk01.com/%E5%9C%B0%E7%94%A2%E6%A8%93%E5%B8%82/688388/%E6%96%A53-45%E5%84%84%E8%B3%BC%E6%96%B0%E8%92%B2%E5%B4%97%E5%85%A8%E5%B9%A2%E5%B7%A5%E5%BB%88-%E6%9E%97%E5%AD%90%E5%B3%B0-%E6%94%BF%E7%AD%96%E5%B0%8D%E5%B7%A5%E5%BB%88%E6%9C%89%E6%94%AF%E6%8C%81,,114.1989,22.3379,838537,822092.7,114.1989,22.3379,838537,822092.7
28/9/2020,KLN,KAI,啟德,10 Muk Ning Street,沐寧街10號,Oasis Kai Tak,,Shop,商舖,"地下
一樓","A-F
G",NA,"2760
4294",7054,200,"28,352.71",NA,NA,住宅（乙類）(1),mukningstreet10.jpg,無原業主資料,LI TSZ SHING,,,,114.1998,22.3288,838629.9,821085.1,114.1998,22.3288,838629.9,821085.1
20/12/2021,KLN,KAI,啟德,11 Muk Tai Street,沐泰街11號,Upper Riverbank,尚．珒溋,Shop,商舖,"地下
一樓",全層,NA,"5771
8188",13959,285,"17,812.50",NA,NA,住宅（乙類）(2),muktaistreet11.jpg,無原業主資料,Mr LING,,,,114.1989,22.328,838537.1,820996.5,114.1989,22.328,838537.1,820996.5
7/7/2021,KLN,SSP,深水埗,165-167 Nam Cheong Street,南昌街165-167號,,,Shop,商舖,地下,全層,NA,1695,1695,110,"64,896.76",NA,NA,住宅（甲類）(7),namcheongstreet165-167.jpg,MR TANG,WINFIELD LIMITED,,https://www.hk01.com/%E5%9C%B0%E7%94%A2%E6%A8%93%E5%B8%82/636532/%E9%84%A7%E6%88%90%E6%B3%A2%E5%AE%B6%E6%97%8F1-1%E5%84%84%E6%B2%BD%E6%B7%B1%E6%B0%B4%E5%9F%97%E5%8D%97%E6%98%8C%E8%A1%97%E5%9C%B0%E7%9B%A4-%E4%B8%AD%E5%B0%8F%E5%9E%8B%E7%99%BC%E5%B1%95%E5%95%86%E6%89%BF%E6%8E%A5,,114.164,22.3304,834941.7,821262.1,114.164,22.3304,834941.7,821262.1
4/1/2021,KLN,JOD,佐敦,221-221A Nathan Road,彌敦道221-221A號全幢,Tung Chiong Commercial Building,同昌商業大廈,Commercial Building,商業大廈,全幢,,NA,48600,48600,510,10493.83,NA,NA,商業,nathanroad221-221a.jpg,無原業主資料,OWNERS TOP MANAGEMENT LIMITED,,https://ps.hket.com/article/2712739,,114.1715,22.3037,835714.2,818305.5,114.1715,22.3037,835714.2,818305.5
29/12/2021,KLN,YMT,油麻地,566 Nathan Road,彌敦道566號,Kiu Kin Mansion,僑建大廈,Shop,商舖,地下,全層,NA,2800,2800,130,"46,428.57",NA,NA,商業,nathanroad566.jpg,無原業主資料,GRACE SUNWAY INVESTMENTS LIMITED,,https://www1.hkej.com/dailynews/property/article/2979914/%E6%B2%B9%E9%BA%BB%E5%9C%B0%E5%BD%8C%E6%95%A6%E9%81%93%E8%88%961.2%E5%84%84%E6%98%93%E6%89%8B,,114.1705,22.3149,835611.2,819545.7,114.1705,22.3149,835611.2,819545.7
24/3/2020,KLN,MGK,旺角,620-628 Nathan Road,彌敦道620-628號全幢,King Wah Centre,瓊華中心,Commercial Building,商業大廈,全幢,,NA,46382,46382,2370,51097.41,NA,NA,商業,nathanroad620-628.jpg,無原業主資料,Mrs TAM,,,,114.1699,22.3178,835549.4,819866.8,114.1699,22.3178,835549.4,819866.8
8/7/2021,KLN,MGK,旺角,648-652 Nathan Road,彌敦道648-652號,Rex Building,皇上皇大廈,Shop,商舖,"地下
入則閣",A,NA,"1200
600",1800,110,"61,111.11",NA,NA,商業,nathanroad648-652.jpg,MR CHAN,JOYFUL NICE LIMITED,,,,114.1697,22.3187,835528.8,819966.5,114.1697,22.3187,835528.8,819966.5
17/5/2019,KLN,MGK,旺角,724-726 Nathan Road,彌敦道724-726號,726 Nathan Road,,Shop,商舖,地下,,NA,2994,2994,135,"45,090.18",NA,NA,商業,nathanroad724-726_gf.jpg,鄧清河,GLOBE POWER LIMITED,餐廳,,,114.1692,22.3212,835477.3,820243.3,114.1692,22.3212,835477.3,820243.3
21/11/2019,KLN,MGK,旺角,771-775 Nathan Road,彌敦道771-775號,Union Park Centre,栢宜中心,Shop,商舖,"地下
地庫",（G/F）WHOLE B/F,NA,"480
5341",5821,135,"23,191.89",NA,NA,商業,nathanroad771-775_gf.jpg,無原業主資料,Mr HO KIN YIP EDDY,,,,114.1679,22.3253,835343.4,820697.4,114.1679,22.3253,835343.4,820697.4
17/6/2021,KLN,MGK,旺角,33-37 Nelson Street,奶路臣街33-37號,Lisa House,依利大廈,Car Park,車位,其他樓層 ,全層,NA,32800,32800,121.8,"3,713.41",NA,NA,住宅（甲類）,nelsonstreet33-37_cp.jpg,無原業主資料,蔡柏能先生,,https://ps.hket.com/article/2984266,,114.1727,22.3192,835837.9,820021.8,114.1727,22.3192,835837.9,820021.8
17/3/2022,KLN,KLC,九龍城,3-13 Nga Tsin Long Road,衙前塱道3-13號全幢,Tai Wah Building,大華大廈,Composite Building,商住大廈,全幢,,7030,NA,NA,705, NA ,63270,11142.72167,住宅（甲類）(2),ngatsinlongroad3-13.jpg,無原業主資料,TOP LEADER CREATION LIMITED,,,,114.1891,22.3282,837527.5,821018.5,114.1891,22.3282,837527.5,821018.5
27/9/2019,KLN,MGK,旺角,34-36 Nullah Road,水渠道34-36號,Tung Lok Mansion,東樂大樓,Shop,商舖,地下,A-D,NA,2200,2200,174,"79,090.91",NA,NA,住宅（甲類）,nullahroad34-36.jpg,無原業主資料,Mr EDWIN LEONG SIU HUNG,,,,114.1698,22.3237,835539.2,820520.2,114.1698,22.3237,835539.2,820520.2
11/11/2020,KLN,TKW,土瓜灣,38 Pak Tai Street,北帝街38號,Downtown 38,,Shop,商舖,"地下
一樓
二樓
其他樓層
其他",全層,NA,"5670
7518
1457
403
403",15451,300,"19,936.20",NA,NA,住宅（甲類）,paktaistreet38_acrade.jpg,MS YU,Mr WONG,,,,114.1885,22.3209,837465.8,820210.1,114.1885,22.3209,837465.8,820210.1
11/3/2021,KLN,TKT,大角咀,2-20 Palm Street,棕樹街2-20號,Greenfield Garden,榮富苑,Shop,商舖,"一樓
二樓",全層,NA,"10500
10500",21000,230,"10,952.38",NA,NA,住宅（甲類）,palmstreet2-20.jpg,無原業主資料,Mr LAU (永倫),,,,114.1655,22.3196,835096.1,820066.2,114.1655,22.3196,835096.1,820066.2
20/5/2022,KLN,JOD,佐敦,91-103 Parkes Street,白加士街91-103號,Parkes Residence,珀·軒,Shop,商舖,"地下
一樓
二樓",6,NA,"262
3836
4136",8234,128,"15,545.30",NA,NA,商業,parkesstreet91-103.jpg,無原業主資料,JOVIAL DAY GROUP LIMITED,餐廳,,,114.1706,22.3061,835621.5,818571.2,114.1706,22.3061,835621.5,818571.2
1/12/2021,KLN,WTS,黃大仙,145-151 Po Kong Village Road,蒲崗村道145-151號,Che Wah Building,慈華大廈,Shop,商舖,"地下
入則閣
低層地下","全層
1-11
1A-7A",NA,"430
6519
6972",13921,114.68,"8,237.91",NA,NA,住宅（甲類）,pokongvillageroad145-151.jpg,無原業主資料,Miss SHIRLEY NG,老人院,,,114.2021,22.3466,838866.5,823056.2,114.2021,22.3466,838866.5,823056.2
30/5/2019,KLN,KLC,九龍城,266-266B Prince Edward Road West,太子道西266-266B號全幢,,,Residential Building,住宅大廈,全幢,,NA,"2500
2100
2100",6700,263,39253.73,NA,NA,住宅（乙類）,princeedwardroadwest266-266b.jpg,無原業主資料,Miss Lam,幼兒園,,,114.1791,22.3261,836497.3,820785.9,114.1791,22.3261,836497.3,820785.9
22/12/2020,KLN,MGK,旺角,181 Sai Yee Street,洗衣街181號全幢,Kwai Wah Court,貴華閣,Composite Building,商住大廈,全幢,,NA,1200,1200,156.4,130333.33,NA,NA,住宅（甲類）,saiyeestreet181.jpg,無原業主資料,周佩賢 (樂風集團)小姐,,https://ps.hket.com/article/2666542,,114.1707,22.3235,835631.9,820498,114.1707,22.3235,835631.9,820498
22/12/2020,KLN,MGK,旺角,183 Sai Yee Street,洗衣街183號全幢,Kwai Wah Court,貴華閣,Composite Building,商住大廈,全幢,,NA,1200,1200,135.85,113208.33,NA,NA,住宅（甲類）,saiyeestreet183.jpg,無原業主資料,SILVERWEALTH LAND DEVELOPMENT LIMITED（樂風集團）,,https://ps.hket.com/article/2666542,,114.1707,22.3235,835631.9,820498,114.1707,22.3235,835631.9,820498
24/2/2022,KLN,MGK,旺角,26-36 Sai Yeung Choi Street,西洋菜街26-36號,Yuen King Building,遠景大廈,Shop,商舖,地下,30,NA,500,500,120,"240,000.00",NA,NA,住宅（甲類）,saiyeungchoistreet26-36.jpg,無原業主資料,GOLDEN YIELD INVESTMENT LIMITED,,,,114.1704,22.3178,835600.9,819866.8,114.1704,22.3178,835600.9,819866.8
20/7/2021,KLN,MGK,旺角,2R Sai Yeung Choi Street,西洋菜街2R號,,,Shop,商舖,"地下
入則閣",全層,NA,"1000
1000",2000,102,"51,000.00",NA,NA,住宅（甲類）,saiyeungchoistreet2r.jpg,無原業主資料,Miss CHAN,,,,114.1709,22.3158,835652.5,819645.4,114.1709,22.3158,835652.5,819645.4
21/10/2021,KLN,TKW,土瓜灣,2A-2B San Lau Street,新柳街2A-2B號,,,CAP545,強拍,全幢,,1910,,,136,,17200,7907,住宅（甲類）,sanlaustreet2a-2b.png,無原業主資料,NEW BRILLIANT DEVELOPMENT HOLDINGS LIMITED,強拍，地積比率約9倍,https://ps.hket.com/article/3067001,,114.1867,22.3123,837280.4,819257.8,114.1867,22.3123,837280.4,819257.8
24/1/2020,KLN,HUM,紅磡,2C-2D San Lau Street,新柳街2C-2D號全幢,Ko Shan Tower,高山居,Composite Building,商住大廈,全幢,,NA,13240,13240,175,13217.52,NA,NA,住宅（甲類）,sanlaustreet2c-2d.jpg,無原業主資料,NEW BRILLIANT DEVELOPMENT HOLDINGS LIMITED,,,,114.1861,22.3126,837218.6,819291,114.1861,22.3126,837218.6,819291
4/9/2020,KLN,KLC,九龍城,83 Sa Po Road,沙浦道83號,Billionnaire Royale,御．豪門,Shop,商舖,"地下
一樓
二樓",2,NA,"2179
23265
21809",47253,457,"9,671.34",NA,NA,住宅（甲類）,saporoad83.jpg,無原業主資料,Ms BOURNE VANESSA,,https://finance.mingpao.com/fin/dailyp/20200905/1599242537737/%E4%BC%8D%E5%80%AB%E8%B2%A2%E5%AD%B8%E9%99%A24-6%E5%84%84%E8%B3%BC%E5%BE%A1-%E8%B1%AA%E9%96%80%E8%88%96,,114.1922,22.3307,837846.9,821295.4,114.1922,22.3307,837846.9,821295.4
14/7/2021,KLN,YMT,油麻地,343-345 Shanghai Street,上海街343-345號全幢,,,Composite Building,商住大廈,全幢,,NA,1200,1200,183.8,153166.67,NA,NA,住宅（甲類）,shanghaistreet343-345.jpg,無原業主資料,LUKS INDUSTRIAL COMPANY LIMITED,,https://www.singtao.ca/5004833/2021-06-16/news-%E9%84%A7%E6%88%90%E6%B3%A2%E5%AE%B6%E6%97%8F%E9%80%BE1.8%E5%84%84%E6%B2%BD%E4%B8%8A%E6%B5%B7%E8%A1%97%E5%85%A8%E5%B9%A2+%E4%BA%94%E5%B9%B4%E5%B8%B3%E9%9D%A2%E8%9D%95%E9%80%BE%E5%8D%83%E8%90%AC/?variant=zh-hk,,114.1694,22.3121,835497.9,819235.6,114.1694,22.3121,835497.9,819235.6
2/9/2021,KLN,CSW,長沙灣,320-336 Shun Ning Road,順寧道320-336號全幢,Hing Lung Building,興隆樓,Site,地盤,全幢,,11800,NA,NA,320.48, NA ,?,?,住宅（甲類）(1),shunningroad320-336.jpg,無原業主資料,HING SHUN PROPERTY LIMITED,,,,114.1568,22.3386,834200,822170.2,114.1568,22.3386,834200,822170.2
2/5/2019,KLN,KTG,觀塘,1 Tai Yip Street,大業街1號全幢,Hay Nien Building,禧年大廈,Industrial Building,工業大廈,全幢,,NA,62889,62889,489,7775.6,NA,NA,其他指定用途,taiyipstreet1.jpg,CHAN CHU HO,Mr Yip,,https://orientaldaily.on.cc/cnt/finance/20190313/00204_006.html,,114.2162,22.3152,840319.8,819579.4,114.2162,22.3152,840319.8,819579.4
10/5/2019,KLN,JOD,佐敦,7-8 Tak Hing Street,德興街7-8號,Knight Garden,禮苑,Shop,商舖,低層地下,"7A,7B",NA,2200,2200,371.75,"168,977.27",NA,NA,住宅（甲類）,takhingstreet7-8.jpg,POPULAR INVESTMENT COMPANY LIMITED,Miss NG,餐廳,,,114.1723,22.3046,835796.7,818405.1,114.1723,22.3046,835796.7,818405.1
30/3/2022,KLN,JOD,佐敦,2 Tak Shing Street,德成街2號,Arbour,本木,Shop,商舖,"地下
一樓",全層,NA,"6584
4081",10665,210,"19,690.58",NA,NA,住宅（甲類）,takshingstreet2.jpg,無原業主資料,GOOD LUCKY LIMITED,,,,114.1726,22.3043,835827.6,818371.9,114.1726,22.3043,835827.6,818371.9
19/10/2021,KLN,MGK,旺角,25 Tong Mi Road,塘尾道25號全幢,Chow Shing Kee Commercial Building,周勝記商業大廈,Commercial Building,商業大廈,全幢,,NA,21900,21900,153.8,7022.83,NA,NA,住宅（甲類）,tongmiroad25.jpg,無原業主資料,CASTLE EASE CORPORATION LIMITED,,https://www.hk01.com/%E5%9C%B0%E7%94%A2%E6%A8%93%E5%B8%82/690492/%E5%A4%A7%E5%9D%91%E8%88%96%E7%8E%8B-%E5%91%A8%E5%8B%9D%E8%A8%98%E5%AE%B6%E6%97%8F%E9%80%BE1-5%E5%84%84%E6%B2%BD%E5%A4%A7%E8%A7%92%E5%92%80%E5%95%86%E5%BB%88-%E5%85%A9%E5%80%8B%E6%9C%88%E5%A5%97%E7%8F%BE6-8%E5%84%84,,114.1657,22.3192,835116.7,820021.9,114.1657,22.3192,835116.7,820021.9
13/9/2021,KLN,KTG,觀塘,48 Tsun Yip Street,駿業街48號,Sun Wing Building,新榮大樓,Shop,商舖,地下,A1&B& Yard,NA,3700,3700,121,"32,702.70",NA,NA,商業（1）,tsunyipstreet48.jpg,無原業主資料,Miss WAI,餐廳,https://www.midlandici.com.hk/ics/property/article/detail/32811,,114.2219,22.3106,840907.3,819070.2,114.2219,22.3106,840907.3,819070.2
5/10/2021,KLN,KLC,九龍城,116 Waterloo Road,窩打老道116號全幢,Bluejay Residences,,Residential Building,住宅大廈,全幢,,9200,NA,NA,328, NA ,46100,7115,住宅（乙類）,waterlooroad116.jpg,MUCH GLORY LIMITED,WELLWAY LIMITED,,https://hd.stheadline.com/news/realtime/pp/2252704/%E5%8D%B3%E6%99%82-%E5%9C%B0%E7%94%A2-%E9%BA%97%E6%96%B03-28%E5%84%84%E5%90%91%E8%A3%95%E6%B3%B0%E8%88%88%E5%AE%B6%E6%97%8F%E8%B3%BC%E7%AA%A9%E6%89%93%E8%80%81%E9%81%93116%E8%99%9F%E5%9C%B0%E7%9B%A4,,114.1786,22.3248,836445.8,820642,114.1786,22.3248,836445.8,820642
26/7/2021,KLN,YMT,油麻地,40 Waterloo Road,窩打老道40號,Jade Mansion,寶翠大樓,Shop,商舖,"地下
一樓
二樓",GF (3B),NA,"210
9330
9290",18830,300,"15,932.02",NA,NA,商業,waterlooroad40.jpg,無原業主資料,GOLDEN SUPREME CORPORATION LIMITED,,https://www.midlandici.com.hk/ics/property/article/detail/32453,,114.171,22.3128,835662.7,819313.2,114.171,22.3128,835662.7,819313.2
15/10/2021,KLN,MGK,旺角,84-84M Waterloo Road,窩打老道84-84M號,Cambridge Court,冠華園,Shop,商舖,地下,"07A,7B,8,9,13",NA,11506,11506,149.8,"13,019.29",NA,NA,住宅（甲類）,waterlooroad84-84m.jpg,MR LEUNG,EASY BLOOM CORPORATION LIMITED,,,,114.1765,22.3194,836229.4,820044,114.1765,22.3194,836229.4,820044
5/5/2021,KLN,SSP,深水埗,238 Yee Kuk Street ,醫局街238號,Grammy Centre,嘉美中心,Shop,商舖,地下,A-D,NA,16229,16229,149,"9,181.10",NA,NA,住宅（甲類）(6),yeekukstreet238.jpg,無原業主資料,WEALTH CHAIN LIMITED,老人院,https://ps.hket.com/article/2927809,,114.1581,22.3299,834333.8,821206.8,114.1581,22.3299,834333.8,821206.8
30/7/2021,KLN,SSP,深水埗,9-14 Yiu Tung Street,耀東街9-14號,,,CAP545,強拍,全幢,,7725,,,524,,61800,8443,住宅（甲類）(7),yiutungstreet9-14.jpg,無原業主資料,Mr CHOI,強拍，地積比率約8倍,https://hk.finance.yahoo.com/news/%E6%81%92%E5%9C%B0-00012-5-24%E5%84%84%E5%A5%AA%E8%80%80%E6%9D%B1%E8%A1%979-14%E8%99%9F%E7%89%A9%E6%A5%AD-035725813.html,,114.1658,22.3313,835127.1,821361.8,114.1658,22.3313,835127.1,821361.8
21/1/2022,KLN,WTS,黃大仙,68-72 Yuk Wah Street,毓華街68-72號,Manning Theatre Building,萬年戲院大廈,Shop,商舖,"地下
一樓
其他樓層",2&7,NA,"3100
10000
10000",23100,270.5,"11,709.96",NA,NA,住宅（甲類）(3),yukwahstreet68-72.jpg,無原業主資料,Mr LAU,,,,114.2024,22.347,838897.4,823100.5,114.2024,22.347,838897.4,823100.5
23/11/2021,NT,MFO,美孚,1-31 Broadway (Phase 1),百老匯街(1期)1-31號,York Montessori International Pre-School (Mei Foo),美孚新村第一期,Shop,商舖,其他樓層,全層,NA,1001,1001,455,"454,545.45",NA,NA,住宅（甲類）,broadway(phase1)1-31_podium.jpg,無原業主資料,Mr CHAN,,,,114.1381,22.3365,832273.6,821938.1,114.1381,22.3365,832273.6,821938.1
5/8/2021,NT,KCH,葵涌,543 Castle Peak Road-Kwai Chung,青山公路葵涌段543號全幢,Shui Hong Industrial Building,瑞康工業大廈,Industrial Building,工業大廈,全幢,,NA,147000,147000,448,3047.62,NA,NA,其他指定用途,castlepeakroad-kwaichung543.jpg,無原業主資料,Mr ALEX YU,,https://ps.hket.com/article/3009750,,114.1329,22.3693,831739,825570.3,114.1329,22.3693,831739,825570.3
27/9/2019,NT,TWN,荃灣,210 Castle Peak Road-Tsuen Wan,青山公路荃灣段210號,Fou Wah Centre,富華中心,Shop,商舖,一樓,4B(B&C),NA,1480,1480,155,"104,729.73",NA,NA,商業,castlepeakroad-tsuenwan210.jpg,無原業主資料,Mr chris pang,,,,114.1182,22.3728,830225.1,825958.4,114.1182,22.3728,830225.1,825958.4
15/1/2021,NT,SKG,西貢,16 Chan Man Street,親民街16號,Sai Kung Garden,西貢花園,Shop,商舖,"一樓
地下",18（部份入口）,NA,"28161
274",28435,400,"14,067.17",NA,NA,住宅（甲類）（1）,chanmanstreet16.jpg,無原業主資料,LOTUS GARDEN LIMITED,,,,114.2713,22.3824,845992.2,827023.4,114.2713,22.3824,845992.2,827023.4
26/5/2020,NT,TPO,大埔,8 Chui Lok Street,翠樂街8號,Fuller Garden,富萊花園,Shop,商舖,"地下
一樓
二樓",REST B,NA,"1287
9745
8773",19805,167,"8,432.21",NA,NA,住宅（甲類）,chuilokstreet8.jpg,無原業主資料,Miss TONG CHOW,,,,114.1648,22.4539,835025.2,834938,114.1648,22.4539,835025.2,834938
11/7/2019,NT,TWN,荃灣,46-48 Fui Yiu Kok Street,灰窰角街46-48號,,,Industrial Building,工業大廈,全幢,,6382,NA,NA,250, NA ,"60,629",4123,工業,fuiyiukokstreet46-48.jpg,無原業主資料,Mr CHUI,,https://ps.hket.com/article/2397589,,114.1182,22.3657,830224.8,825172.2,114.1182,22.3657,830224.8,825172.2
21/8/2019,NT,TMN,屯門,8 Fuk Hang Tsuen Road,福亨村路8號,The Sherwood,豫豐花園,Shop,商舖,地下,全層,NA,306.5,306.5,190,"619,902.12",NA,NA,綜合發展區,fukhangtsuenroad8_gf.jpg,無原業主資料,Mr CHOI,,,,113.9857,22.4192,816585.4,831107.9,113.9857,22.4192,816585.4,831107.9
20/5/2020,NT,MFO,美孚,8 King Lai Path,景荔徑8號全幢,Nob Hill,盈暉臺,Arcade,商場,全幢,,NA,91779,91779,888,9675.42,NA,NA,住宅（甲類）,kinglaipath8.jpg,無原業主資料,Mr LUN YIU KAY EDWIN,,,,114.138,22.3418,832263.4,822525,114.138,22.3418,832263.4,822525
21/5/2020,NT,KCH,葵涌,31-41 Ko Fong Street,高芳街31-41號,Wealthy Garden,葵芳匯,Shop,商舖,全幢,,NA,59543,59543,450,"7,557.56",NA,NA,住宅（甲類）,kofongstreet31-41.jpg,無原業主資料,Mr LAW,,,,114.1271,22.359,831141.2,824429.9,114.1271,22.359,831141.2,824429.9
3/8/2020,NT,KCH,葵涌,47-51 Kwai Fung Street,葵豐街47-51號全幢,Angliss Hong Kong Food Service Limited,安得利香港餐飲有限公司,Industrial Building,工業大廈,全幢,,NA,65062,65062,325,4995.24,NA,NA,工業,kwaifungstreet47-51.jpg,無原業主資料,Miss NICHOI LI,,https://ps.hket.com/article/2713524,,114.1256,22.3558,830986.6,824075.6,114.1256,22.3558,830986.6,824075.6
20/6/2019,NT,MFO,美孚,272 Lai King Hill Road,荔景山道272號,Lai Chi Kok Bay Garden Block D,荔灣花園D座,Car Park,車位,低層地下,CARPARK,NA,NA,NA,111, NA ,NA,NA,政府、機構或社區,laikinghillroad272.jpg,無原業主資料,Mr CHOI,,,,114.1362,22.3417,832078,822513.9,114.1362,22.3417,832078,822513.9
3/5/2021,NT,KCH,葵涌,73 Lei Muk Road,梨木道73號全幢,Seapower Centre,海暉中心,Industrial Building,工業大廈,全幢,,NA,59359,59359,217,3655.72,NA,NA,其他指定用途,leimukroad73.jpg,無原業主資料,Mr YEUNG,,,,114.1366,22.3699,832120.1,825636.7,114.1366,22.3699,832120.1,825636.7
23/3/2021,NT,FLG,粉嶺,5 Lok Yip Road,樂業路5號全幢,Kawada Plaza (Phase Ii),川田工貿廣場二期,Industrial Building,工業大廈,全幢,,NA,43836,43836,270.8,6177.57,NA,NA,工業,lokyiproad5.jpg,無原業主資料,Miss CHAN,,https://www2.hkej.com/property/article/id/2728444/%E7%B2%89%E5%B6%BA%E6%A8%82%E6%A5%AD%E8%B7%AF5%E8%99%9F%E5%85%A8%E5%B9%A22.7%E5%84%84%E6%88%90%E4%BA%A4,,114.143,22.4958,832782.3,839578.2,114.143,22.4958,832782.3,839578.2
14/12/2020,NT,FLG,粉嶺,1 Luen Fat Street (Fanling),聯發街(粉嶺)1號全幢,,,CINEMA,CINEMA,全幢,,6780,NA,NA,140, NA ,37702,3713.330858,政府、機構或社區,luenfatstreet(fanling)1.jpg,無原業主資料,SWIFT MILLIONS LIMITED,,shorturl.at/CLS58,,114.1703,22.2762,835590.4,815260.3,114.1703,22.2762,835590.4,815260.3
8/1/2019,NT,TMN,屯門,1 Ming Kum Road,鳴琴路1號全幢,Shan King Shopping Centre,山景商場,Shop,商舖,全幢,,NA,121430,121430,1836,15119.82,NA,NA,綠化地帶,mingkumroad1.png,無原業主資料,Miss WU,,,,113.9661,22.3967,814564,828619,113.9661,22.3967,814564,828619
3/7/2020,NT,MFO,美孚,1-17 Mount Sterling Mall,萬事達廣場1-17號,Mount Sterling Mall,萬事達廣場,Shop,商舖,"地下
一樓","N50A
N75-N83",NA,"5367
22033",27400,300,"10,948.91",NA,NA,住宅（甲類）,mountsterlingmall1-17_gf&1f.jpg,無原業主資料,APEX BILLION LIMITED,,,,114.1388,22.3378,832345.7,822082,114.1388,22.3378,832345.7,822082
20/5/2020,NT,MFO,美孚,1-17 Mount Sterling Mall,萬事達廣場1-17號,Mount Sterling Mall,萬事達廣場,Shop,商舖,地下,N52,NA,2800,2800,139.8,"49,928.57",NA,NA,住宅（甲類）,mountsterlingmall1-17_gf.jpg,無原業主資料,W & M PROPERTY LIMITED,銀行,,,114.1388,22.3378,832345.7,822082,114.1388,22.3378,832345.7,822082
2/3/2021,NT,FLG,粉嶺,10-12 On Chuen Street,安全街10-12號全幢,Smile Centre,堅達中心,Industrial Building,工業大廈,全幢,,NA,97750,97750,321,3283.89,NA,NA,工業,onchuenstreet10-12.jpg,無原業主資料,Miss WONG,,https://www.hk01.com/%E5%9C%B0%E7%94%A2%E6%A8%93%E5%B8%82/590316/%E7%8E%A9%E5%85%B7%E5%95%86%E7%BE%85%E6%B0%8F%E5%AE%B6%E6%97%8F3-21%E5%84%84%E6%B2%BD%E7%B2%89%E5%B6%BA%E5%B7%A5%E5%BB%88-%E6%98%9F%E6%B4%B2%E6%A9%9F%E6%A7%8B%E6%89%BF%E6%8E%A5,,114.145,22.4961,832988.1,839611.4,114.145,22.4961,832988.1,839611.4
15/7/2021,NT,KCH,葵涌,7 On Chuk Street,安足街7號全幢,On Yam Estate,安蔭邨,Shop,商舖,全幢,,NA,40800,40800,535,13112.75,NA,NA,住宅（甲類）,onchukstreet7.jpg,無原業主資料,GLORIOUS SUPREME LIMITED,,https://www.house730.com/news/21055/%E9%84%A7%E6%88%90%E6%B3%A2%E5%AE%B6%E6%97%8F%E5%A4%A7%E6%89%8B13%E5%84%84%E6%B2%BD%E5%85%A9%E5%95%86%E5%A0%B4-%E6%9E%97%E5%AD%90%E5%B3%B0%E9%99%B3%E7%A7%89%E5%BF%97%E6%8E%A5%E8%B2%A8/?goindex=true,,114.1417,22.3701,832645.3,825658.7,114.1417,22.3701,832645.3,825658.7
14/7/2021,NT,STN,沙田,1 On Kwan Street,安群街1號,Kings Wing Plaza 2,京瑞廣場二期,Shop,商舖,地下,"G05,56",NA,6743,6743,139,"20,613.97",NA,NA,其他指定用途,onkwanstreet1.jpg,無原業主資料,KWONG TAI SIK PUNG COMPANY LIMITED,,,,114.2089,22.3889,839565.9,827740.4,114.2089,22.3889,839565.9,827740.4
12/11/2019,NT,FLG,粉嶺, 15 On Lok Mun Street,安樂門街15號全幢,On Lok Mun Street,安樂門街,Industrial Building,工業大廈,"地下
全幢",全層,NA,"9600
48000",57600,150,2604.17,NA,NA,工業,onlokmunstreet15.jpg,無原業主資料,Mr KWONG,,https://ps.hket.com/article/2496041,,114.1463,22.4994,833122,839976.8,114.1463,22.4994,833122,839976.8
10/12/2020,NT,TWN,荃灣,46-48 Pak Tin Par Street,白田壩街46-48號,Ideal Plaza,理想集團廣場,Industrial Building,工業大廈,全幢,,7767,NA,NA,310, NA ,88500,3502.824859,其他指定用途,paktinparstreet46-48.jpg,無原業主資料,WORLD PARTNERS LIMITED,,"https://ps.hket.com/article/2804432
https://ps.hket.com/article/3050588 ",,114.1102,22.3742,829401.3,826113.8,114.1102,22.3742,829401.3,826113.8
8/1/2019,NT,TKO,將軍澳,38 Po Lam Road North,寶琳北路38號全幢,King Lam Shopping Centre,景林商場,Shop,商舖,全幢,,NA,51919,51919,1029,19819.33,NA,NA,住宅（甲類）,polamroadnorth38.jpg,無原業主資料,Miss WU,,,,114.2603,22.3226,844863.1,820400.7,114.2603,22.3226,844863.1,820400.7
8/1/2019,NT,SSH,上水,8 Po Ping Road,保平路8號全幢,Tai Ping Estate,太平邨,Shop,商舖,全幢,,NA,3339,3339,122,36537.89,NA,NA,住宅（甲類）,popingroad8.jpg,無原業主資料,Miss WU,,,,114.1263,22.4979,831064,839811.2,114.1263,22.4979,831064,839811.2
30/9/2019,NT,SSH,上水,1 Po Wing Road,保榮道1號,Venice Garden,威尼斯花園,Shop,商舖,地下,A-H,NA,18902,18902,187.68,"9,929.11",NA,NA,住宅（甲類）,powingroad1.jpg,無原業主資料,1431431 LIMITED,,https://ps.hket.com/article/2449441,,114.1274,22.4978,831177.2,839800.1,114.1274,22.4978,831177.2,839800.1
8/1/2019,NT,TKO,將軍澳,10 Pui Shing Lane,培成里10號全幢,Ming Tak Shopping Centre,明德商場,Shop,商舖,全幢,,NA,39029,39029,997,25545.11,NA,NA,住宅（甲類）,puishinglane10.jpg,無原業主資料,Miss WU,,,,114.2684,22.3162,845698,819692.5,114.2684,22.3162,845698,819692.5
8/3/2019,NT,MOS,馬鞍山,599 Sai Sha Road,西沙路599號,Lake Silver,銀湖．天峰,Shop,商舖,"地下
一樓",全層,NA,"39536
12757",52293,653,"12,487.33",NA,NA,其他指定用途,saisharoad599_gf.jpg,無原業主資料,WELLION LIMITED,,,,114.244,22.4287,843178.5,832148.9,114.244,22.4287,843178.5,832148.9
5/7/2021,NT,SSH,上水,44 San Fat Street,新發街44號,,,Shop,商舖,"地下
入則閣",全層,NA,"1100
1000",2100,120,"57,142.86",NA,NA,商業/住宅,sanfatstreet44.jpg,無原業主資料,LOYAL VAST LIMITED,,https://www.hk01.com/%E5%9C%B0%E7%94%A2%E6%A8%93%E5%B8%82/646446/%E6%86%A7%E6%86%AC%E9%80%9A%E9%97%9C-%E6%A8%93%E4%B8%8A%E7%87%95%E7%AA%A9%E8%8E%8A%E8%91%A3%E4%BA%8B1-2%E5%84%84%E8%B2%B7%E4%B8%8A%E6%B0%B4%E6%96%B0%E7%99%BC%E8%A1%97%E8%88%96-%E5%8D%8A%E5%B9%B4%E6%96%A52-6%E5%84%84%E6%8E%83%E8%B2%A8,,114.1271,22.5032,831146.5,840398.1,114.1271,22.5032,831146.5,840398.1
26/7/2019,NT,SSH,上水,87 San Fung Avenue,新豐路87號,,,Shop,商舖,"地下
入則閣",全層,NA,"2000
3100",5100,155,"30,392.16",NA,NA,商業/住宅,sanfungavenue87.jpg,無原業主資料,HARVEST SMART HOLDINGS LIMITED,,https://hk.on.cc/hk/bkn/cnt/finance/20190726/bkn-20190726180915362-0726_00842_001.html,,114.1269,22.5039,831126,840475.6,114.1269,22.5039,831126,840475.6
3/4/2019,NT,SSH,上水,88 San Hong Street,新康街88號,,,Shop,商舖,"地下
入則閣",全層,NA,"1050
500","1050
500",117.5,"75,806.45",NA,NA,商業/住宅,sanhongstreet88.jpg,CHUNG TAM SANG,COLOURMIX COSMETICS COMPANY LIMITED,,https://finance.mingpao.com/fin/daily/20190304/1551641267413/%E5%A8%81%E9%AB%981-17%E5%84%84%E8%B3%BC%E4%B8%8A%E6%B0%B4%E6%96%B0%E5%BA%B7%E8%A1%97%E8%88%96,,114.1291,22.5036,831352.3,840442.3,114.1291,22.5036,831352.3,840442.3
23/1/2019,NT,TMN,屯門,13 San On Street,新安街13號,Bhotai Industrial Building,寶泰工業大廈,Industrial Building,工業大廈,全幢,,NA,31706,31706,300,"9,461.93",NA,NA,工業,sanonstreet13.jpg,無原業主資料,Mr LAM,,https://ps.hket.com/article/2357943,,113.9709,22.3931,815057.7,828219.7,113.9709,22.3931,815057.7,828219.7
15/7/2021,NT,TWN,荃灣,3 Shek Wai Kok Road,石圍角路3號全幢,Shek Wai Kok Estate,石圍角邨,Shop,商舖,全幢,,NA,129900,129900,765,5889.15,NA,NA,住宅（甲類）,shekwaikokroad3.jpg,無原業主資料,KING WORLDWIDE HOLDINGS LIMITED,,https://www.house730.com/news/21055/%E9%84%A7%E6%88%90%E6%B3%A2%E5%AE%B6%E6%97%8F%E5%A4%A7%E6%89%8B13%E5%84%84%E6%B2%BD%E5%85%A9%E5%95%86%E5%A0%B4-%E6%9E%97%E5%AD%90%E5%B3%B0%E9%99%B3%E7%A7%89%E5%BF%97%E6%8E%A5%E8%B2%A8/?goindex=true,,114.124,22.3761,830822.6,826323.6,114.124,22.3761,830822.6,826323.6
8/1/2019,NT,STN,沙田,1 Shing Tin Street,盛田街1號全幢,Chun Shek Estate,秦石邨,Shop,商舖,全幢,,NA,61237,61237,1059,17293.47,NA,NA,住宅（甲類）,shingtinstreet1.jpg,無原業主資料,Miss WU,,,,114.1865,22.3734,837259.3,826023.7,114.1865,22.3734,837259.3,826023.7
28/3/2022,NT,TSW,天水圍,8 Tin Shui Road,天瑞路88號,Grandeur Terrace,俊宏軒,Shop,商舖,地下,G05-07,NA,4905,4905,120,"24,464.83",NA,NA,住宅（乙類）,tinshuiroad8.jpg,無原業主資料,CHARTER LINK INTERNATIONAL LIMITED,,https://www.bastillepost.com/hongkong/article/10251118-%E6%9C%80%E6%96%B0%E5%B7%A5%E5%95%86%E9%8B%AA%E6%88%90%E4%BA%A4%E2%94%82%E5%A4%A9%E6%B0%B4%E5%9C%8D%E4%BF%8A%E5%AE%8F%E8%BB%92%E5%96%AE%E9%82%8A%E9%8B%AA1-2%E5%84%84%E6%B2%BD,,114.0016,22.4692,818228.9,836642.7,114.0016,22.4692,818228.9,836642.7
28/1/2021,NT,TSW,天水圍,88 Tin Shui Road,天瑞路88號,Grandeur Terrace,俊宏軒,Shop,商舖,一樓,101-102,NA,9296,9296,105,"11,295.18",NA,NA,住宅（甲類）,tinshuiroad88_1f.jpg,無原業主資料,GRAND BRIGHT (HONG KONG) LIMITED,,,,114.0016,22.4692,818228.9,836642.7,114.0016,22.4692,818228.9,836642.7
23/4/2021,NT,TWN,荃灣,67-95 Tsuen Wan Market Street,荃灣街市街67-95號,Tsuen Wan Town Square,荃灣城市廣場,Car Park,車位,地庫,全層,NA,NA,NA,124.78, NA ,NA,NA,住宅（甲類）（13）,tsuenwanmarketstreet67-95_cp.jpg,無原業主資料,Mr CHOI,,,,114.1187,22.3712,830276.5,825781.2,114.1187,22.3712,830276.5,825781.2
23/8/2021,NT,TMN,大埔,112-140 Tuen Mun Heung Sze Wui Road,屯門鄉事會路112-140號,Eldo Court,雅都花園,Shop,商舖,地下,G16&39&40,NA,4995,4995,140,"28,028.03",NA,NA,住宅（甲類）（1）,tuenmunheungszewuiroad112-140_gf.jpg,無原業主資料,HOPSON LIMITED,,,,113.9756,22.3986,815542.5,828828.1,113.9756,22.3986,815542.5,828828.1
27/4/2021,NT,TMN,屯門,88 Tuen Mun Heung Sze Wui Road,屯門鄉事會路88號,The Parkville,天生樓,Shop,商舖,"地下
一樓",全層,NA,"6021
8396",14417,300,"20,808.77",NA,NA,住宅（甲類）（1）,tuenmunheungszewuiroad88_1f.jpg,無原業主資料,Mr TANG,,https://www.hk01.com/%E5%9C%B0%E7%94%A2%E6%A8%93%E5%B8%82/606628/%E6%96%B0%E4%B8%96%E7%95%8C3%E5%84%84%E6%B2%BD%E5%B1%AF%E9%96%80the-parkville%E5%B7%A8%E8%88%96-%E5%AE%8F%E5%AE%89%E5%A4%A5-%E6%A8%93%E7%A5%9E-%E5%85%92%E5%AD%90%E8%B6%99%E6%9C%97%E6%89%BF%E6%8E%A5,,113.975,22.3971,815480.5,828662.1,113.975,22.3971,815480.5,828662.1
8/1/2019,NT,FLG,粉嶺,21 Wah Ming Road,華明路21號全幢,Fresh Town (Wah Ming Market),華明商場,Shop,商舖,全幢,,NA,71627,71627,1663,23217.5,NA,NA,住宅（甲類）,wahmingroad21.jpg,無原業主資料,Miss WU,,,,114.1415,22.4838,832627.7,838249.4,114.1415,22.4838,832627.7,838249.4
13/9/2021,NT,KCH,葵涌,26-30 Wo Yi Hop Road,和宜合道26-30號,Wo Yi Plaza,和宜商場,Car Park,車位,一樓,全層,NA,28595,28595,252.7,"8,837.21",NA,NA,商業,woyihoproad26-30_1f_cp.jpg,無原業主資料,Mr CHENG,,,,114.137,22.3659,832161.1,825193.7,114.137,22.3659,832161.1,825193.7
8/1/2019,NT,TMN,屯門,201 Wu Chui Road,湖翠路201號全幢,Siu Hei Shopping Centre,兆禧苑商場,Shop,商舖,全幢,,NA,23439,23439,512,21843.94,NA,NA,住宅（甲類）（18）,wuchuiroad201.jpg,無原業主資料,Miss WU,,,,113.966,22.3737,814550.1,826072.1,113.966,22.3737,814550.1,826072.1
27/9/2019,NT,TWN,荃灣,26-40 Yan Ching Street,仁政街26-40號,Fu Hang Building,富恆大樓,Shop,商舖,地下,1,NA,540,540,135,"250,000.00",NA,NA,住宅（甲類）（1）,yanchingstreet26-40_gf.jpg,無原業主資料,Mr EDWIN LEONG SIU HUNG,,,,113.9757,22.3955,815552.4,828484.8,113.9757,22.3955,815552.4,828484.8
8/1/2019,NT,FLG,粉嶺,18 Yat Ming Road,一鳴路18號全幢,Wah Sum Shopping Centre,華心商場,Shop,商舖,全幢,,NA,24934,24934,809,32445.66,NA,NA,住宅（甲類）,yatmingroad18.jpg,無原業主資料,Miss WU,,,,114.1421,22.4867,832689.5,838570.5,114.1421,22.4867,832689.5,838570.5
27/1/2022,NT,TWN,荃灣,138 Yeung Uk Road,楊屋道138號,Indi Home,樂悠居,Shop,商舖,"地下
一樓",全層,NA,"17336
31462",48798,400,"8,197.06",NA,NA,商業（2）,yeungukroad138_gf&1f.jpg,無原業主資料,SUPREME GAIN INVESTMENTS LIMITED,,https://www.midlandici.com.hk/ics/property/article/detail/34159,,114.1184,22.3662,830245.4,825227.6,114.1184,22.3662,830245.4,825227.6
27/1/2022,NT,TWN,荃灣,138 Yeung Uk Road,楊屋道138號,Indi Home,樂悠居,Car Park,車位,"三樓
五樓",CP,NA,NA,NA,200, NA ,NA,NA,商業（2）,yeungukroad138_cp.jpg,無原業主資料,Mr MA,,https://www.midlandici.com.hk/ics/property/article/detail/34159,,114.1184,22.3662,830245.4,825227.6,114.1184,22.3662,830245.4,825227.6
9/5/2019,NT,TWN,荃灣,1-5 Yi Lok Street,怡樂街1-5號,Riviera Gardens Tower 21 (Other Name),海濱花園第二十一座 (別稱),Car Park,車位,地下,CARPARK,NA,NA,NA,190.99, NA ,NA,NA,住宅（甲類）（8）,yilokstreet1-5.jpg,無原業主資料,蔡佰能先生,,,,114.1147,22.3622,829864.2,824784.8,114.1147,22.3622,829864.2,824784.8
15/1/2021,NT,TMN,屯門,101 Yip Wong Road,業旺路101號,The Esplanade,弦海,Shop,商舖,"地下
一樓",全層,NA,"16001
11089",27090,175.92,"6,493.91",NA,NA,住宅（甲類）,yipwongroad101.jpg,無原業主資料,Mr MOK,,,,113.969,22.3865,814861,827489.1,113.969,22.3865,814861,827489.1
20/4/2020,NT,YLG,元朗,38 Yuen Long On Ning Road,安寧路38號,Yuccie Square,世宙,Shop,商舖,地下,27,NA,3026,3026,101.76,"33,628.55",NA,NA,住宅（甲類）,yuenlongonningroad38.jpg,無原業主資料,Mr LAM HIU NGAI,,,,114.028,22.4468,820943.5,834159.3,114.028,22.4468,820943.5,834159.3
